level,start_ms,header,end_ms
1,1,[ مسند عبد الله بن عباس ],346
2,1,[ 1 من حديث خالد الحذاء عن عكرمة عن ابن عباس عن النبي صلى الله عليه وسلم وعلى آله ],26
4,1,ذكر من قال ذلك,1
4,1,ذكر من قال ذلك,1
4,1,ذكر من انتهى منهم إلينا قوله في ذلك,3
3,3,ذكر من قال ذلك,4
3,4,ذكر من قال ذلك,5
3,5,ذكر من قال ذلك,21
3,21,القول فى البيان عما فى هذه الأخبار من الغريب,26
2,26,2 - 4 ذكر ما صح عندنا مما لم يمض ذكره من حديث خالد الحذاء عن عكرمة عن ابن عباس عن النبي صلى الله عليه وسلم وعلى آله,41
3,26,القول فى علل هذا الخبر,27
3,27,ذكر من روى هذا الخبر عن خالد الحذاء عن عكرمة فأرسله ولم يجعل فيه بين عكرمة والنبي صلى الله عليه وسلم أحدا,31
4,27,ذكر ذلك,28
4,28,ذكر ذلك,28
4,28,ذكر ذلك,31
3,31,القول في البيان عما فى هذا الخبر أعنى خبر خالد عن عكرمة عن ابن عباس من الفقه,41
4,32,ذكر من كره الطواف بالبيت راكبا من غير عذر ورخص فيه فى حال العذر,34
4,34,ذكر من أجاز الطواف راكبا لغير عذر,35
4,35,ذكر من قال ذلك,38
4,38,ذكر من حضرنا ذكره ممن كان يقول ذلك أو يفعله منهم,41
3,41,القول فى البيان عما فى هذه الأخبارمن الغريب,41
2,41,5 ذكر خبر آخر من أخبار خالد الحذاء عن عكرمة عن ابن عباس عن النبي صلى الله عليه وسلم,71
3,42,القول فى علل هذا الخبر,42
3,42,ذكر من روى هذا الخبر عن عكرمة فأرسله عنه ولم يصله,42
3,42,ذكر ذلك,43
3,43,ذكر من وافقه فى ذلك,47
3,47,ذكر ذلك,54
3,54,القول فى البيان عن معانى هذه الأخبار وما فيها من الفقه,70
4,55,ذكر من قال ذلك,59
4,59,ذكر من قال ذلك ومن اختار الإفطار فى السفر على الصوم,63
4,63,ذكر من كان يرى الصوم فى السفر والمرض إذا كان يسرا ولم يكن عسرا هو الواجب,70
3,70,القول فى البيان عما فى هذه الأخبار من الغريب,71
2,71,6 - 8 ذكر خبر آخر من أخبار خالد عن عكرمة عن ابن عباس عن النبي صلى الله عليه وسلم,79
3,71,القول فى علل هذا الخبر,71
3,71,ذكر من رواه كذلك,72
3,72,ذكر من وافقه فى ذلك,72
3,72,ذكر من وافقه فى رواية ذلك كذلك,73
3,73,القول فى البيان عن معنى ما فى هذا الخبر,77
4,74,ذكر بعض من كان يشهد له بذلك منهم,77
3,77,القول فى البيان عما فى هذه الأخبار من الغريب,79
2,79,9 ذكر خبر آخر من أخبار خالد عن عكرمة عن ابن عباس عن النبي صلى الله عليه وسلم,92
3,80,القول فى علل هذا الخبر,80
3,80,ذكر من روى ذلك عن عكرمة عن ابن عباس ولم يرفعه إلى النبي صلى الله عليه وسلم وجعله من كلام ابن عباس وخالفه فى اللفظ والمعنى,80
3,80,ذكر من روى ذلك عن عكرمة فأرسله عن النبي صلى الله عليه وسلم ولم يجعل بين عكرمة النبى صلى الله عليه وسلم ابن عباس,81
3,81,ذكر من وافقه منهم فى ذلك,82
3,82,القول فى البيان عما فى هذا الخبر من الفقه,91
4,83,ذكر من خالفهم فى ذلك,89
4,89,ذكر بعض من حضرنا ذكره منهم,91
4,91,ذكر من قال ذلك,91
3,91,القول فى البيان عما فى هذه الأخبار من الغريب,92
2,92,10 - 11 ذكر خبر آخر من أخبار خالد الحذاء عن عكرمة عن ابن عباس عن النبي صلى الله عليه وسلم,103
3,92,القول فى علل هذا الخبر,93
3,93,ذكر من روى هذا الخبر عن أيوب عن عكرمة فأرسله ولم يجعل بينه وبين النبي صلى الله عليه وسلم ابن عباس,93
3,93,ذكر من روى هذا الخبر عن خالد فجعله عنه عن عكرمة عن النبي صلى الله عليه وسلم مرسلا ولم يجعل بين عكرمة و النبي صلى الله عليه وسلم ابن عباس,93
3,93,ذكر من روى هذا الخبر عن أيوب عن عكرمة فوصله,94
3,94,ذكر ذلك,98
3,98,القول فى البيان عما فى هذه الأخبار من الفقه,102
3,102,القول فى البيان عما فى هذه الأخبار من الغريب,103
2,103,12 - 13 ذكر ما لم يمض ذكره من أخبار هلال بن خباب عن عكرمة عن أبن عباس عن النبي صلى الله عليه وسلم,133
3,104,القول فى علل هذا الخبر,104
3,104,ذكر من وافقه فى روايته كراهية ادخار الذهب والفضة ثلاثا لغير ما استثناه رسول الله صلى الله عليه وسلم,130
4,124,ذكر بعض من حضرنا ذكره ممن فعل منهم ذلك,130
3,130,القول فى البيان عما فى هذه الأخبار من الغريب,133
2,133,14 ذكر خبر آخر من أخبار هلال ابن خباب عن عكرمة عن ابن عباس عن النبى صلى الله عليه وسلم,163
3,134,القول فى علل هذا الخبر,134
3,134,ذكر الرواية الواردة عن ابن عباس عن عمر رضى الله عنه بذلك,134
3,134,ذكر ذلك,143
3,143,القول فى البيان عن هذه الأخبار,162
4,143,ذكر من قال ذلك أو فعله,144
4,144,ذكر من قال ذلك أو فعله من السلف,145
4,145,ذكر من قال ذلك أو فعله من السلف,152
4,152,ذكر من قال ذلك أو فعله,162
3,162,القول فى البيان عما فى هذه الأخبار من الغريب,163
2,163,15 ذكر خبر آخر من أخبار هلال بن خباب عن عكرمة عن ابن عباس عن النبي صلى الله عليه وسلم,163
2,163,16 ذكر خبر آخر من أخبار هلال بن خباب عن عكرمة عن ابن عباس عن النبي صلى الله عليه وسلم,168
3,164,القول فى علل هذا الخبر,164
3,164,ذكر ذلك,168
3,168,القول فى البيان عما فى هذه الأخبار من الغريب,168
2,168,17 ذكر خبر آخر من أخبار هلال بن خباب عن عكرمة عن ابن عباس عن النبي صلى الله عليه وسلم,205
3,169,القول فى علل هذا الخبر,169
3,169,ذكر من روى عن النبي صلى الله عليه وسلم أنه قال رأيت الأنبياء الذين ذكر عنه أنه رآهم ليلة أسرى به ببيت المقدس,172
3,172,ذكر من روى عن النبي صلى الله عليه وسلم أنه رأى من ذكرت فى السموات,183
3,183,ذكر من روى عن النبي صلى الله عليه وسلم أنه رأى أرواح من ذكرت من الأنبياء ببيت المقدس دون أجسامهم,190
3,190,القول فى البيان عما فى هذه الأخبار من الخبر عن مسرى رسول الله صلى الله عليه وسلم من المسجد الحرام إلى المسجد الأقصى وعن صلاته فيه بمن ذكر أنه صلى به فيه من الأنبياء,201
4,199,ذكر بعض ما حضرنا ذكره من ذلك,201
3,201,القول فى البيان عما فى هذه الأخبار من الغريب,205
2,205,18 - 19 ذكر ما لم يمض ذكره من حديث عباد بن منصور الناجى عن عكرمة عن ابن عباس عن النبي صلى الله عليه وسلم,209
3,205,القول فى علل هذا الخبر,205
3,205,القول فى البيان عما في هذا الخبر من الفقه,209
2,209,20 - 21 ذكر خبر آخر من أخبار عباد بن منصور عن عكرمة عن ابن عباس عن النبي صلى الله عليه وسلم,227
3,210,القول فى علل هذا الخبر,210
3,210,ذكر ذلك,211
3,211,ذكر ذلك,218
3,218,ذكر من وافق عكرمة فى رواية ذلك عن ابن عباس عن النبي صلى الله عليه وسلم,218
3,218,ذكر من وافق ابن عباس فى رواية ذلك عن النبي صلى الله عليه وسلم,219
3,219,القول فى البيان عن معانى هذه الأخبار,227
4,220,ذكر ما حضرنا ذكره من ذلك عنهم,221
4,221,ذكرالبيان عن معنى ذلك,223
4,223,ذكر الأخبار الواردة عن رسول الله صلى الله عليه وسلم بذلك,224
4,224,القول فى البيان عن ذلك,226
4,226,ذكر ما حضرنا ذكره من ذلك مما فيه الندب إلى الحجامة يوم الثلاثاء,226
4,226,ذكر ما حضرنا ذكره مما فيه النهى عن الحجامة فيه مما لم يمض ذكره قبل,227
3,227,ذكر البيان عما في هذه الأخبار من الغريب,227
2,227,22 ذكر خبر آخر من أخبار عباد بن منصور عن عكرمة عن ابن عباس عن النبي صلى الله عليه وسلم مما لم يمض ذكره,232
3,227,القول فى علل هذا الخبر,227
3,227,القول فيما فى هذا الخبر من الفقه,231
3,231,القول فى البيان عما فى هذا الخبر من الغريب,232
2,232,23 ذكر خبر آخر من أخبار عباد بن منصور عن عكرمة عن ابن عباس عن النبي صلى الله عليه وسلم,243
3,232,القول في علل هذا الخبر,232
3,232,ذكر من روى هذا الخبر عن عباد فجعله عنه عن الحكم عن ابن عباس مرسلا غير مرفوع إلى النبي صلى الله عليه وسلم,233
3,233,ذكر الخبر عن ابن عباس أنه كان لا يرى على آتى البهيمة حدا,233
3,233,ذكر من وافقه فى ذلك,234
3,234,القول فى البيان عما فى هذا الخبر من الفقه,243
4,235,ذكر من قال فى ذلك قولنا,235
4,235,ذكر من قال عليه التعزيز ولم يوجب عليه حدا,236
4,236,ذكر من قال يرجم أحصن أو لم يحصن,236
4,236,ذكر من قال يحرق بالنار أو فعله,237
4,237,ذكر من قال عقوبته إلى السلطان,237
4,237,ذكر من قال يجلد أدنى الحدين,237
4,237,ذكر قول من قال لا حد عليه,243
2,243,24 ذكر ما لم يمض ذكره من حديث أبي أسامة زيد ، عن عكرمة ، عن ابن عباس ، عن النبي صلى الله عليه وسلم,264
3,243,( القول في علل هذا الخبر ),244
3,244,( ذكر من حدث هذا الحديث عن عكرمة ، فوافق فيه أبا أسامة ، وجعله : عنه ، عن ابن عباس ، عن النبي صلى الله عليه وسلم ),244
3,244,( ذكر من حدث هذا الحديث عن عكرمة فقال فيه : عنه ، عن ابن عباس وأبي هريرة وابن عمر ، عن النبي صلى الله عليه وسلم ),245
3,245,( ذكر من حدث هذا الحديث عن عكرمة فقال فيه : عنه ، عن أبي هريرة ، وجعله من كلام أبي هريرة ، ولم يرفعه إلى النبي صلى الله عليه وسلم ),250
3,250,( القول في البيان عن معاني هذه الأخبار ),263
4,250,( ذكر من روي ذلك عنه ),250
4,250,( ذكر من قال ذلك ),258
4,258,( ذكر من قال ذلك أو ما في معناه ),260
4,260,( ذكر من قال ذلك ),262
4,262,( ذكر من قال ذلك أو ما في معناه ),263
3,263,( القول في البيان عما في هذه الأخبار من الغريب ),264
2,264,25 ذكر خبر من أخبار عكرمة ، عن ابن عباس ، عن النبي صلى الله عليه وسلم,281
3,264,( القول في علل هذا الخبر ),265
3,265,( ذكر ذلك ),266
3,266,( القول في البيان عما في هذه الأخبار من المعاني ),279
3,279,( القول في البيان عما في هذه الأخبار من الغريب ),281
2,281,26 - 31 ذكر ما لم يمض ذكره من أخبار سماك بن حرب ، عن عكرمة ، عن ابن عباس ، عن النبي صلى الله عليه وسلم,311
3,282,( القول في علل هذا الخبر ),282
3,282,( ذكر من حدث هذا الحديث فجعله : ' عن سماك ' ، عن عكرمة ، عن ابن عباس ، عن ميمونة زوج النبي صلى الله عليه وسلم ، عن النبي صلى الله عليه وسلم ),283
3,283,( ذكر من حدث هذا الحديث ' عن سماك ، عن عكرمة ، عن ابن عباس ' فقال فيه : ' عن ابن عباس ، عن بعض أزواج النبي صلى الله عليه وسلم ),284
3,284,( ذكر من حدث هذا الحديث فقال فيه ' عن سماك ، عن عكرمة ، عن النبي صلى الله عليه وسلم ' فأرسله ، ولم يجعل بينه وبين النبي عليه السلام أحدا ),284
3,284,( ذكر من حدث هذا الحديث عن ابن عباس ، فجعله من كلام ابن عباس ، ولم يرفعه إلى النبي صلى الله عليه وسلم ),285
3,285,( ذكر ذلك ),285
3,285,( ذكر من وافقه منهم في ذلك ),288
3,288,( القول في البيان عما في هذا الخبر من الفقه ، وعن معناه ),308
4,289,( ذكر من قال ذلك ),292
4,292,( ذكر من قال ذلك ),294
4,294,( ذكر من قال ذلك ),295
4,295,( ذكر من قال ذلك ),296
4,296,( ذكر من قال ذلك ),298
4,298,( ذكر من قال ذلك ),308
3,308,( القول في البيان عما في هذه الأخبار من الغريب ),311
2,311,32 - 33 ذكر خبر آخر من أخبار سماك بن حرب ، عن عكرمة ، عن ابن عباس ، عن النبي صلى الله عليه وسلم,318
3,311,( القول في علل هذا الخبر ),312
3,312,( ذكر من حدث هذا الحديث عن عكرمة فأرسله ، ولم يجعل بينه وبين النبي صلى الله عليه وسلم أحدا ),312
3,312,( القول في البيان عما في هذا الخبر من الفقه ),318
4,312,( ذكر من حضرنا ذكره ممن سلك من ذلك سبيل ما روي عن النبي صلى الله عليه وسلم من فعله فيه ),314
4,314,( ذكر من قال ذلك أو حكم به ),315
4,315,( ذكر من روي عنه أنه روى عن النبي صلى الله عليه وسلم قبول شهادة عدلين في ذلك ),318
2,318,34 - 38 ذكر خبر آخر من أخبار سماك ، عن عكرمة ، عن ابن عباس ، عن النبي صلى الله عليه وسلم,332
3,319,( القول في علل هذا الخبر ),319
3,319,( ذكر من حدث / هذا الحديث فقال فيه : ' عن سماك ، عن عكرمة ، عن النبي صلى الله عليه وسلم ، فأرسله ولم يدخل فيه بين عكرمة والنبي عليه السلام أحدا ),319
3,319,( ذكر من حدث هذا الحديث عن عكرمة فقال فيه : عنه ، عن أبي هريرة ، عن النبي صلى الله عليه وسلم ),320
3,320,( ذكر من روى ذلك عنه منهم ),320
3,320,( ذكر ذلك ),323
3,323,( القول في البيان عما في هذه الآخبار من الفقه ),332
2,332,39 - 40 ذكر خبر آخر من أخبار سماك بن حرب ، عن عكرمة ، عن ابن عباس ، عن النبي صلى الله عليه وسلم,346
3,333,( القول في البيان عن علل هذا الخبر ),333
3,333,( / ذكر من حدث هذا الحديث ، عن سماك فقال فيه : عن عكرمة ، عن ابن عباس ، عن سودة ),334
3,334,( ذكر ذلك ),334
3,334,( / ذكر من روى هذا الحديث عن سماك فقال : فيه : ' عكرمة عن سودة ' ، ولم يدخل بين عكرمة وسودة أحدا ),334
3,334,( ذكر من حدث هذا الحديث عن عكرمة فأرسله عنه ، ولم يدخل بينه وبين النبي صلى الله عليه وسلم أحدا ),335
3,335,( ذكر ذلك ),338
3,338,( ذكر ذلك ),342
3,342,( القول في البيان عما في هذه الأخبار من الفقه ),346
4,344,( ذكر من قال ذلك ),346
4,346,( ذكر من قال ذلك ),346
1,346,[ مسند مسند أمير المؤمنين عمر بن الخطاب ],743
2,346,1 - 2 ذكر ما صح عندنا سنده من حديث أبي سعيد الخدري ، عن عمر بن الخطاب ، عن رسول الله صلى الله عليه وسلم ، مما لم نذكره فيما مضى .,404
3,347,ذكر علل هذا الخبر,348
3,348,ذكر من حدث بهذا الحديث عن أبي بكر بن عياش ، فلم يدخل بين أبي سعيد ورسول الله صلى الله عليه وسلم عمر .,348
3,348,ذكر من حدث بهذا الحديث عن الأعمش ، فجعله عن غير أبي صالح .,349
3,349,ذكر من حدث بهذا الحديث عن أبي سعيد غير من ذكرت ، فلم يدخل بينه وبين رسول الله صلى الله عليه وسلم أحدا .,349
3,349,ذكر ذلك,364
3,364,ذكر ما في هذه الأخبار من الفقه .,398
4,364,ذكر من قال بتحريم النبي صلى الله عليه وسلم المسألة في حديث عمر ، وقوله : ' إن أحدهم ليخرج بمسألته من عندي متأبطا بها نارا ' ، إنما هي المسألة التي يسألها السائل من يسأل تكثيرا بها ماله ، وهو عنها غني ، ولم يحد في الغنى حدا غير الغنى المعروف في العوام .,366
4,366,ذكر من قال مثل / قول هؤلاء في صفة المسألة التي حظرها النبي صلى الله عليه وسلم ونهى عنها ، غير أنهم فارقوهم في تحديد قدر المال الذي إذا كان عند السائل حرمت عليه المسألة .,367
4,367,ذكر من أنكر المسألة بكل حال,372
4,372,ذكر بعض من حضرنا ذكره منهم,373
4,373,ذكر الرواية عن نبي الله صلى الله عليه وسلم ، وعن بعض من حضرنا ذكره من السلف في ذلك,381
4,381,/ ذكر من وافق عمر في رواية ذلك عن رسول الله صلى الله عليه وسلم من الصحابة,390
4,390,ذكر ما حضرنا ذكره في ذلك عن السلف من الصحابة والتابعين وغيرهم,398
3,398,القول فيما في هذه الأخبار من الغريب,404
2,404,3 ذكر خبر آخر من أخبار أبي سعيد الخدري ، عن عمر بن الخطاب ، عن رسول الله صلى الله عليه وسلم,431
3,404,القول في علل هذا الخبر,405
3,405,ذكر من حدث بهذا الحديث بهذا الإسناد ، فلم يذكر فيه ما ذكره ابن أبي عدي من قول عمر في الضب : ' إنما عافه رسول الله صلى الله عليه وسلم ',405
3,405,ذكر من حدث بهذا الحديث عن عمر ، فجعله عن داود ، عن أبي نضرة ، عن عمر ، مرسلا ، ولم يدخل بين أبي نضرة وبين عمر ' أبا سعيد ',405
3,405,ذكر من حدث بهذا الحديث عن أبي سعيد ، فلم يذكر فيه الكلام الذي ذكره داود ، عن أبي نضرة ، عنه ، عن عمر,406
3,406,ذكر من حدث بهذا الحديث ، عن داود ، فوافق في ترك الكلام الذي ذكره ابن أبي عدي عن أبي سعيد ، عن عمر ، عن النبي صلى الله عليه وسلم قتادة,406
3,406,ذكر ذلك,407
3,407,ذكر ذلك,413
3,413,ذكر بعض من حضرنا ذكره منهم,417
3,417,ذكر الأخبار الواردة عن رسول الله صلى الله عليه وسلم أنه قال : ' لا آمر بأكل الضب ولا أنهى عنه ' ، وأنه قال : ' أمة مسخت ، فأرهب أن تكونه ',419
3,419,ذكر من قال بهذا الخبر من متقدمي أهل العلم,420
3,420,ذكر من نهى عن أكله من السلف,427
3,427,ذكر البيان عما في هذه الأخبار من الغريب,431
2,431,4 - 7 ذكر ما لم يمض من حديث يعلى بن أمية ، عن عمر ، عن النبي صلى الله عليه وسلم,458
3,432,والصواب في ذلك عندنا ما قال ابن [ أبي ] عدي ، عن,432
3,432,القول في علل هذا الحديث,433
3,433,ذكر ما حضرنا ذكره من ذلك,436
3,436,ذكر ما حضرنا ذكره من ذلك,444
3,444,ذكر بعض من حضرنا ذكره من القائلين بذلك من السلف,444
3,444,ذكر بعض من حضرنا ذكره من قائلي ذلك من السلف,445
3,445,ذكر من قال هذه المقالة من السلف,452
3,452,ذكر من أنكر القصر في حال الأمن ، ولم يره إلا في حال خوف فتنة العدو,455
3,455,القول في البيان عما في هذه الأخبار من الغريب,458
2,458,8 ذكر ما لم يمض ذكره من حديث جابر بن عبد الله ، عن عمر بن الخطاب ، عن النبي صلى الله عليه وسلم,465
3,458,القول في علل هذا الخبر,458
3,458,ذكر من حدث بهذا الحديث عن سفيان ، فجعله عن أبي الزبير ، عن جابر ، عن رسول الله صلى الله عليه وسلم ، ولم يدخل بين جابر وبين رسول الله صلى الله عليه وسلم أحدا,459
3,459,ذكر من حدث بهذا الحديث عن أبي الزبير ، فلم يجعل فيه بين جابر وبين رسول الله صلى الله عليه وسلم أحدا ، من غير حديث الثوري,459
3,459,القول في البيان عما في هذا الخبر من المعنى,465
4,463,ذكر بعض ذلك,465
2,465,9 ذكر خبر آخر من أخبار عمر ، عن رسول الله صلى الله عليه وسلم ، مما روى عنه أبو قتادة الأنصاري,515
3,466,القول في علل هذا الحديث,466
3,466,ذكر من حدث به عن غيلان بن جرير ، عن عبد الله بن معبد ، عن أبي قتادة ، عن النبي صلى الله عليه وسلم ، ولم يدخل بين أبي قتادة وبين النبي صلى الله عليه وسلم أحدا,468
3,468,ذكر من حدث ببعض هذا الحديث عن أبي قتادة ، فوافق في روايته إياه الذين لم يدخلوا بين أبي قتادة وبين رسول الله صلى الله عليه وسلم أحدا,469
3,469,ذكر موافقي عمر في روايته عن رسول الله صلى الله عليه وسلم النهي عن صيام الدهر,472
3,472,ذكر البيان عن معاني الأخبار التي ذكرناها بنهي النبي صلى الله عليه وسلم عن صوم الدهر ، وذكر اختلاف السلف في ذلك,512
4,472,ذكر من قال بذلك,474
4,474,ذكر قول من خالف قولنا في ذلك / ذكر الأخبار التي اعتل بها قائلو هذه المقالة لقولهم هذا,477
4,477,ذكر من فعل ذلك وقاله,482
4,482,ذكر بعض من حضرنا ذكره منهم,484
4,484,ذكر الأخبار المروية عن رسول الله صلى الله عليه وسلم في ذلك,488
4,488,/ ذكر من قال ذلك من السلف وفعله,490
4,490,ذكر من حضرنا ذكره منهم,490
4,490,ذكر القول في البيان عن الأخبار الواردة عن رسول الله صلى الله عليه وسلم في صوم يوم عرفة,494
4,494,ذكر ما حضرنا ذكره مما صح من ذلك سنده,495
4,495,ذكر من أفطر ذلك اليوم هنالك ، ومن اختار الفطر فيه على الصوم من الصحابة والتابعين,498
4,498,ذكر من كره صوم يوم عرفة لكل أحد ، بكل موضع,499
4,499,ذكر من كان يؤثر صوم يوم عرفة على الإفطار فيه ، ومن كان يأمر بذلك من الصحابة والتابعين,501
4,501,ذكر من قال : كان ذلك يوما يصومه أهل الجاهلية ، فلما نزل فرض شهر رمضان ترك صومه ، فمن شاء صامه ومن شاء أفطره .,506
4,506,ذكر من قال : كان يوم عاشوراء يوما يصومه اليهود ، فصامه النبي صلى الله عليه وسلم,507
4,507,ذكر من قال : لم يزل رسول الله صلى الله عليه وسلم يصوم عاشوراء ويحث على صومه حتى مضى لسبيله,509
4,509,ذكر من كان يصومه ويأمر بصومه منهم,510
4,510,ذكر من كان يكره صومه ولا يصومه,512
3,512,القول في البيان عما في هذه الأخبار من الغريب,515
2,515,10 - 14 ذكر ما لم يمض ذكره من حديث أنس بن مالك ، عن عمر بن الخطاب ، عن رسول الله صلى الله عليه وسلم,529
3,516,القول في علل هذا الخبر,516
3,516,ذكر ما في هذا الخبر من فائدة العلم,517
3,517,ذكر ما صح سنده من الأخبار الواردة علينا عنه بذلك,518
3,518,ذكر الأخبار عن بعض من كان يفعل ذلك,522
3,522,ذكر ذلك,527
3,527,القول فيما في هذه الأخبار من الغريب,529
2,529,15 ذكر خبر آخر من حديث أنس بن مالك ، عن عمر ، عن النبي صلى الله عليه وسلم,588
3,530,القول في علل هذا الحديث,530
3,530,ذكر ذلك,531
3,531,ذكر الرواية عمن وافق عمر في رواية هذا الحديث عن رسول الله صلى الله عليه وسلم,532
3,532,القول في معاني هذه الأخبار,585
4,532,ذكر بعض ما حضرنا ذكره مما صح من ذلك سنده عن رسول الله صلى الله عليه وسلم,546
4,546,ذكر من قال بتصحيح هذه الأخبار من السلف وقالوا إن الموتى يسمعون كلام الأحياء ويتكلمون ويعلمون,548
4,548,ذكر من لم نذكر من ذلك,554
4,554,ذكر الأخبار الواردة بذلك,556
4,556,ذكر بعض ما حضرنا ذكره من ذلك مما صح عندنا سنده,558
4,558,ذكر بعض ما حضرنا ذكره من ذلك,560
4,560,ذكر بعض ما حضرنا ذكره منهم,561
4,561,ذكر ما حضرنا ذكره من ذلك,562
4,562,ذكر قول القائلين لا يجلس من تبعها بعد أن يصلي عليها حتى يوضع صاحبها في القبر,563
4,563,ذكر الأخبار التي بها اعتل هؤلاء,564
4,564,ذكر من كان يرى الجلوس قبل أن توضع الجنازة,569
4,569,ذكر اختلاف الرواة في ذلك,571
4,571,ذكر ما صح عندنا من ذلك سنده,584
4,584,ذكر من قال ذلك,584
4,584,ذكر الرواية الواردة عنه بذلك,585
3,585,القول في البيان عما في هذه الأخبار التي ذكرناها من الغريب,588
2,588,16 ذكر ما صح عندنا سنده من حديث عمرو بن حريث عن عمر بن الخطاب عن النبي صلى الله عليه وسلم,620
3,589,القول في علل هذا الخبر,589
3,589,ذكر من حدث بهذا الحديث عن إسماعيل عن عمرو بن حريث عن عمر فجعله من كلام عمر ولم يرفعه إلى النبي صلى الله عليه وسلم,589
3,589,ذكر من وافق عمر في رواية هذا الخبر عن رسول الله صلى الله عليه وسلم من أصحابه,590
3,590,القول في معنى هذا الخبر,616
4,592,ذكر الأخبار التي ادعى قائلو هذه المقالة أنها للأخبار التي تقدم ذكرناها معارضة,601
4,601,ذكر بعض ذلك,606
4,606,ذكر بعض الأخبار الواردة بمعنى ما قلنا قبل,610
4,610,ذكر بعض ما حضرنا ذكره ممن روى أو قال الشعر من الصحابة والتابعين والسلف الصالحين ومن كان منهم يسمعه ويأمر بروايته أو قيله,616
3,616,القول في البيان عما في هذه الأخبار من الغريب,620
2,620,17 حديث النعمان بن بشير عن عمر بن الخطاب عن النبي صلى الله عليه وسلم,635
3,620,القول في علل هذا الخبر,621
3,621,ذكر من روى هذا الحديث عن سماك فجعله عن النعمان عن رسول الله صلى الله عليه وسلم ولم يدخل بينه وبين رسول الله صلى الله عليه وسلم أحدا,628
3,628,القول في البيان عن معاني هذه الأخبار,634
4,631,ذكر ما حضرنا ذكره من ذلك,632
4,632,ذكر بعض ما حضرنا ذكره ممن سلك في ذلك سبيل رسول الله صلى الله عليه وسلم,634
3,634,القول في البيان عما في هذه الأخبار من الغريب,635
2,635,18- 23 ذكر ما لم يمض ذكره من حديث مالك ابن أوس بن الحدثان النصري عن عمر بن الخطاب عن رسول الله صلى الله عليه وسلم ),653
3,637,القول في علل هذا الخبر,637
3,637,ذكر من روى هذا الكلام عن عمر فوقفه عليه ولم يرفعه,643
3,643,القول في معاني هذه الأخبار,651
4,644,ذكر من قال هذا القول وقال لا يجوز بيع الذهب بالذهب ولا الورق بالورق وما أشبه ذلك نساء ولا يجوز افتراق متبايعي شيء من ذلك إلا عن تقابض,646
4,646,ذكر من قال ذلك,648
4,648,ذكر ما دل عليه الخبر الذي ذكرناه عن عمر عن النبي صلى الله عليه وسلم في الصرف من الأحكام,651
3,651,ذكر البيان عما في هذه الأخبار من الغريب,653
2,653,24 - 25 ذكر ما صح عندنا سنده من حديث عبد الرحمن بن عبد القارئ عن عمر عن النبي صلى الله عليه وسلم,659
3,653,القول في علل هذا الخبر,654
3,654,ذكر من روى هذا الخبر عن عبد الرحمن بن عبد القارئ عن عمر فجعله من كلام عمر وخالف بلفظه ألفاظه,654
3,654,ذكر من حدث بهذا الحديث عن عمر من غير حديث عبد الرحمن فوقف به أيضا على عمر ولم يرفعه,655
3,655,ذكر ما في هذا الخبر من الفقه,658
4,655,ذكر من روى ذلك عنه من المتقدمين غير عمر وقد ذكرنا ما روي عن عمر فيه,656
4,656,ذكر ما روى عن النبي صلى الله عليه وسلم في ذلك,658
3,658,القول في البيان عما في هذه الأخبار من الغريب,659
2,659,26 - 28 ذكر خبر آخر من حديث عبد الرحمن بن عبد القارئ عن عمر عن رسول الله صلى الله عليه وسلم,661
2,661,29 ذكر خبر آخر من أخبار عمر عن رسول الله صلى الله عليه وسلم,663
3,661,القول في علل هذا الخبر,661
3,661,ذكر من حدث بهذا الحديث عن الزهري فقال فيه عنه عن عمرو بن واثلة,662
3,662,ذكر من حدث بهذا الحديث فجعل الكلام الذي فيه عن رسول الله صلى الله عليه وسلم من كلام عمر,662
3,662,ذكر ما في هذا الحديث من الفقه,663
2,663,30 - 34 ذكر خبر آخر من أخبار عمر عن رسول الله صلى الله عليه وسلم,677
3,663,القول في علل هذا الخبر,664
3,664,القول فيما في هذا الخبر في الفقه,675
4,666,ذكر بعض ما حضرنا ذكره من ذلك مما صح سنده,668
4,668,ذكر ما روي في ذلك عن الصحابة والتابعين,675
4,675,ذكر بعض من قال ذلك,675
3,675,القول في البيان عما في هذه الأخبار من الغريب,677
2,677,35 ذكر خبر آخر من حديث عمر عن النبي صلى الله عليه وسلم,688
3,678,القول في علل هذا الخبر,678
3,678,ذكر اختلاف الرواة في رواية هذا الخبر,679
3,679,ذكر من وافق عمر في رواية هذا الخبر عن رسول الله صلى الله عليه وسلم من الصحابة,683
3,683,القول في البيان عما في هذه الأخبار,687
3,687,القول في البيان عما في هذه الأخبار من الغريب,688
2,688,36 ذكر خبر آخر من أخبار عمر عن رسول الله صلى الله عليه وسلم,701
3,689,القول في علل هذا الخبر,690
3,690,ذكر من حدث بهذا الحديث فقال فيه عن موسى بن طلحة عن عمر ولم يدخل بين موسى وبين عمر ابن الحوتكية,690
3,690,ذكر من حدث بهذا الحديث فجعله عن ابن الحوتكية,690
3,690,ذكر من حدث بهذا الحديث فجعله عن ابن الحوتكية عن عمار,691
3,691,ذكر من قال في هذا الحديث عن ابن الحوتكية عن أبي ذر,691
3,691,ذكر من حدث بهذا الحديث فجعله عن موسى بن طلحة عن أبي ذر موقوفا عليه غير مرفوع إلى النبي صلى الله عليه وسلم,691
3,691,ذكر من وافق عمر في روايته عن رسول الله صلى الله عليه وسلم ما روي في الأرنب,693
3,693,القول في البيان عما في هذه الأخبار وذكر اختلاف أهل العلم في أكل لحم الأرنب,699
4,693,ذكر من كره أكله منهم,694
4,694,ذكر من رخص في أكل لحمه ولم ير به بأسا,696
4,696,ذكر من كان يختار صوم الأيام البيض من الشهر ويأمر بصومهن,696
4,696,ذكر الرواية عن من كان يجعل صوم الأيام الثلاثة من كل شهر الاثنين والخميس والخميس,697
4,697,ذكر من كان يجعل ذلك السبت والأحد والاثنين ثم في الشهر الذي بعده الثلاثاء والأربعاء والخميس,697
4,697,ذكر من كان يصوم ذلك من أول الشهر ويأمر به,697
4,697,ذكر من كان يجعل ذلك في آخر الشهر,697
4,697,ذكر السبب الذي من أجله كان يختار كل من ذكرنا اختياره صوم الأيام الثلاثة التي ذكرنا أنه كان يختار صومها على سائر أيام الشهر,699
3,699,القول في البيان عما في الأخبار التي ذكرناها من الغريب,701
2,701,37 ذكر خبر آخر من أخبار عمر عن النبي صلى الله عليه وسلم,707
3,701,القول في علل هذا الخبر,702
3,702,ذكر من وافق عمر في الذي قال وروي من ذلك عن رسول الله صلى الله عليه وسلم,703
3,703,القول في البيان عما في هذه الأخبار من الأحكام,707
2,707,38 - 42 ذكر خبر آخر من أخبار عمر عن رسول الله صلى الله عليه وسلم,712
3,708,القول في علل هذا الخبر,708
3,708,ذكر من وافق عمر في روايته ذلك عن رسول الله صلى الله عليه وسلم,710
3,710,القول فيما في هذا الخبر من الفقه,710
3,710,ذكر البيان عما في هذه الأخبار من الغريب,712
2,712,43 - 46 ذكر خبر آخر من أخبار عمر عن رسول الله صلى الله عليه وسلم,723
3,713,القول في علل هذا الخبر,713
3,713,البيان عن معنى هذا الخبر,713
3,713,ذكر الرواية عن بعض من حضرنا ذكره منهم في ذلك,720
3,720,ذكر الأخبار الواردة عن رسول الله صلى الله عليه وسلم وعن ورود ذلك عنه من الصحابة والتابعين,722
3,722,القول في البيان عما في هذه الأخبار من الغريب,723
2,723,47 - 48 ذكر خبر آخر من حديث عمر عن رسول الله صلى الله عليه وسلم,732
3,724,القول في علل هذا الخبر,724
3,724,ذكر من وافق عمر بن ميمون في روايته ذلك عن عمر,724
3,724,القول في ما في هذا الخبر من الفقه,725
3,725,ذكر الرواية عن بعض من حضرنا ذكره ممن نقلت عنه الموافقة لعمر في ذلك من أصحاب رسول الله صلى الله عليه وسلم وعليهم أجمعين,730
3,730,القول في البيان عما في هذه الأخبار من الغريب,732
2,732,49 ذكر خبر آخر من أخبار عمر رضي الله عنه عن رسول الله صلى الله عليه وسلم,742
3,732,القول في علل هذا الخبر,733
3,733,ذكر من حدث هذا الحديث عن عمر فوقف بالكلام عليه ولم يذكر فيه عن رسول الله صلى الله عليه وسلم ولا عن أبي بكر شيئا,733
3,733,ذكر من حدث بهذا الحديث عن عمر فذكر عنه أنه هو الذي بدأ القوم بالأمر بإخراج الصدقة من الخيل والرقيق,734
3,734,ذكر من وافق عمر في الرواية عن رسول الله صلى الله عليه وسلم أنه لم يأخذ من الخيل والرقيق صدقة,736
3,736,ذكر البيان عما في هذه الأخبار من الفقه وذكر اختلاف العلماء فيه,742
4,736,ذكر بعض من حضرنا ذكره ممن قال ذلك,738
4,738,ذكر من قال ذلك,742
3,742,القول في البيان عما في هذه الأخبار من الغريب,742
2,742,50,743
1,743,[ مسند علي بن أبي طالب ],891
2,743,1 ذكر ما لم يمض ذكره من أخبار ثعلبة بن يزيد الحماني عن علي رضوان الله عليه عن النبي صلى الله عليه وسلم $,766
3,743,القول في علل هذا الخبر,743
3,743,ذكر بعض ذلك,744
3,744,ذكر ذلك,750
3,750,القول في البيان عما في هذا الخبر من الفقه,762
4,756,ذكر من قال ذلك أو روى عنه أنه أكل مع ذي العاهة خوفا أن يكون في تركه الأكل معه دخول منه في معنى ما أبطله النبي صلى الله عليه وسلم من العدوى ونهى عنه من التطير,760
4,760,ذكر الخبر الوارد بذلك,760
4,760,ذكرمن قال ذلك ممن لم يمض ذكره,762
3,762,القول في البيان عما في هذه الأخبار من الغريب,766
2,766,2 ذكر خبر آخر من أخبار ثعلبة بن زيد عن علي بن أبي طالب عن النبي صلى الله عليه وسلم,775
3,767,القول في علل هذا الخبر,767
3,767,ذكر من روى ذلك عن علي,769
3,769,القول في البيان عما في هذه الأخبار من المعاني,774
4,770,ذكر من قال ذلك,772
4,772,ذكر ما صح سنده من ذلك,774
3,774,القول في البيان عما في هذه الأخبار من الغريب,775
2,775,3 - 5 ذكر خبر آخر من أخبار علي بن أبي طالب رضوان الله عليه عن النبي صلى الله عليه وسلم,781
3,775,القول في علل هذا الخبر,777
3,777,ذكر من روى هذا الحديث عن المنهال بن عمرو فقال فيه عنه عن عبد الله بن الحارث عن ابن عباس عن علي عن النبي صلى الله عليه وسلم وخالف فيه الأعمش,777
3,777,ذكر الرواية عمن قال إنما قضى ديون رسول الله صلى الله عليه وسلم بعد وفاته ومواعيده أبو بكر رحمة الله عليه,778
3,778,القول فيما في هذا الخبر من الفقه وفي معنى بعض ما فيه,781
4,778,ذكر من قال في ذلك نحو قولنا فيه فأبطل الضمان إذا لم يكن المضمون من المال معلوم المقدار,779
4,779,ذكر من قال جائز ضمان الضامن مالا مجهول المبلغ,781
2,781,6 ذكر ما لم يمض ذكره من أخبار أبي تحيى حكيم بن سعد عن علي رضوان الله عليه عن النبي صلى الله عليه وسلم مما صحي عندنا سنده عنه,793
3,781,ذكر خبر من ذلك,781
3,781,القول في علل هذا الخبر,782
3,782,ذكر الرواية الواردة عن رسول الله صلى الله عليه وسلم أنه أمر بصلب الذي أعطي جعلا على الفتك به,783
3,783,ذكر من قال إن الذي جعل له الجعل على قتل رسول الله صلى الله عليه وسلم أسلم ولم يقتل ولم يصلب,785
3,785,ذكر من قال إن عليا إنما أمر بقتل قاتله و لم يأمر بإحراقه ونهى عن المثلة به وأن الذي أحرق قاتله قوم من العامة,786
3,786,ذكر ما في هذا الخبر أعني خبر علي رضوان الله عليه عن النبي صلى الله عليه وسلم الذي ذكرناه قبل من الفقه,791
4,787,ذكر الأخبار الواردة بذلك,791
3,791,القول في البيان عما في هذه الأخبار من الغريب,793
2,793,7 ذكر خبر آخر من أخبار أبي تحيى عن علي بن أبي طالب رضوان الله عليه عن النبي صلى الله عليه وسلم,800
3,793,القول في علل هذا الخبر,793
3,793,ذكر الرواية الواردة عن رسول الله صلى الله عليه وسلم أنه كان يقول بعض ما في خبر علي هذا عن رسول الله صلى الله عليه وسلم إذا كان في حرب,794
3,794,ذكر الأخبار الواردة عن رسول الله صلى الله عليه وسلم بما كان يقوله إذا أراد السفر,799
3,799,القول في البيان عما في هذه الأخبار من الغريب,800
2,800,8 ذكر خبر آخر من أخبار علي رضوان الله عليه عن النبي صلى الله عليه وسلم وعلى آله,801
3,800,القول في علل هذا الخبر,801
3,801,ذكر ذلك,801
2,801,9 - 12 ذكر خبر آخر من أخبار علي رضوان الله عليه عن النبي صلى الله عليه وسلم وعلى آله,807
3,802,القول في علل هذا الخبر,802
3,802,ذكرذلك,802
3,802,القول في البيان عن هذا الخبر وعما فيه من الفقه,803
3,803,القول في البيان عما في هذا الخبر من الفقه,806
4,805,ذكر ذلك,806
3,806,القول في البيان عما في هذه الأخبار من الغريب,807
2,807,13 ذكر خبر آخر من أخبار علي رضوان الله عليه عن النبي صلى الله عليه وسلم وعلى آله,826
3,807,القول في علل هذا الخبر,807
3,807,ذكر من روى هذا الخبر عن علي فوقفه عليه ولم يرفعه إلى رسول الله صلى الله عليه وسلم,808
3,808,ذكر من روى هذا الخبر عن أبي إسحاق فقال فيه عنه عن سعيد عن رجل عن علي ولم يقل عن سعيد بن ذي حدان عن علي,814
3,814,القول في البيان عن معاني هذه الأخبار,824
4,816,فبذلك يرخص الناس الخديعة في الحرب,818
4,818,ذكر بعض من روى ذلك عنه,819
4,819,ذكر من قال ذلك,820
4,820,ذكر من قال ذلك,821
4,821,ذكرمن قال ذلك,824
3,824,القول في البيان عما في هذه الأخبار من الغريب,826
2,826,14 - 17 ذكر خبر آخر من أخبار علي رحمة الله عليه عن النبي صلى الله عليه وسلم,827
3,827,القول في علل هذا الخبر,827
3,827,ذكر من روى هذا الخبر فجعل هذا الكلام من كلام علي ولم يرفعه إلى النبي صلى الله عليه وسلم,827
2,827,ذكر خبر آخر من أخبار علي رضوان الله عليه عن رسول الله صلى الله عليه وسلم,829
3,828,القول في علل هذا الخبر,829
2,829,19 - 20 ذكر خبر آخر من أخبار على رضوان الله عليه عن النبي صلى الله عليه وسلم وعلى آله,830
3,829,القول في علل هذا الخبر,830
3,830,ذكر ما صح عندنا سنده مما حضرنا من ذلك ذكره,830
3,830,القول في البيان عما في هذه الأخبار من الغريب,830
2,830,21 ذكر خبر آخر من أخبار أم موسى عن علي رضوان الله عليه عن النبي صلى الله عليه وسلم وعلى آله,831
3,831,القول في علل هذا الخبر,831
3,831,ذكر ذلك,831
2,831,22 ذكر خبر آخر من أخبار أم موسى عن علي رضوان الله عليه عن النبي صلى الله عليه وسلم,831
3,831,القول في علل هذا الخبر,831
2,831,23 ذكر خبر آخر من أخبار أم موسى عن علي رحمة الله عليه عن النبي صلى الله عليه وسلم,832
3,832,والقول في علل,832
2,832,24 ذكر خبر آخر من أخبار علي رحمة الله عليه عن النبي صلى الله عليه وسلم وعلى آله,848
3,832,القول في علل هذا الخبر,833
3,833,ذكرمن وافق عليا رحمة الله عليه في روايته عن رسول الله صلى الله عليه وسلم فيمن غير تخوم الأرض أو منارها أو أخذ منها شيئا بغير حق,838
3,838,ذكر من وافق عليا رحمة الله عليه في روايته عن رسول الله صلى الله عليه وسلم في ذم العاق والديه,842
3,842,ذكر من وافق عليا رحمة الله عليه في روايته عن رسول الله صلى الله عليه وسلم ( ما روى في ذم من تولى غير مواليه ومن وافق هانئا مولى على في روايته ما روى في ذلك عن علي عن النبي صلى الله عليه وسلم ( و على آله,847
3,847,القول في البيان عما في هذه الأخبار من الغريب,848
2,848,25 - 26 ذكر خبر آخر من أخبار علي رحمة الله عليه عن النبي صلى الله عليه وسلم,856
3,848,القول في علل هذا الخبر,848
3,848,القول في معنى هذا الخبر وفيما فيه من الفقه,856
4,851,ذكر بعض ما حضرنا ذكره منهم,856
2,856,27 ذكر خبر آخر من أخبار علي رضوان الله عليه عن النبي صلى الله عليه وسلم وعلى آله,856
3,856,والقول في علل هذا الخبر,856
2,856,28 ذكر خبر آخر من أخبار علي عن النبي صلى الله عليه وسلم,862
3,857,القول في علل هذا الخبر,857
3,857,القول في البيان عما في هذا الخبر من الفقه وما وجهه,862
4,858,ذكر من حرم أكل ذبائحهم,859
4,859,ذكر من قال ذلك,862
2,862,29 ذكر خبر آخر من أخبار على رحمة الله عليه عن رسول الله صلى الله عليه وسلم,862
3,862,القول في علل هذا الخبر,862
2,862,30 ذكر خبر آخر من أخبار علي رحمة الله عليه عن النبي صلى الله عليه وسلم,862
3,862,والقول في علة هذا الخبر,862
2,862,31 - 33 ذكر ما لم يمض ذكره من أخبار أبي مريم عن علي رحمة الله عليه عن النبي صلى الله عليه وسلم,868
3,864,القول في علل هذا الخبر,864
3,864,ذكر ما في هذا الخبر من الفقه,868
4,866,ذكر من حضرنا ذكره ممن فعل ذلك أو أمر به منهم,868
2,868,34 - 35 ذكر خبر آخر من أخبار أبي مريم عن علي رضوان الله عليه عن النبي صلى الله عليه وسلم,869
3,868,والقول في علل هذا الخبر,869
2,869,36 ذكر خبر آخر من أخبار علي عن النبي صلى الله عليه وسلم,874
3,869,القول في علل هذا الخبر,869
3,869,ذكر من روى هذا الحديث فقال فيه عن أبي إسحاق عن رجل من أصحاب علي عن علي رحمة الله عليه,869
3,869,القول في ما في هذا الخبر من الفقه,874
4,871,ذكر من قال ذلك,872
4,872,ذكر من قال ذلك,873
4,873,ذكر من قال ذلك,874
2,874,37 - 39 ذكر خبر آخر من أخبار علي عن النبي صلى الله عليه وسلم,881
3,874,القول في علل هذا الخبر,875
3,875,ذكر من روى هذا الخبر عن علي فوقف بالكلام الذي فيه على علي ولم يرفعه إلى النبي صلى الله عليه وسلم,876
3,876,ذكر من قال الذي نادى بذلك بلال,877
3,877,ذكر من قال الذي كان ينادي بذلك بديل بن ورقاء,877
3,877,ذكر من قال الذي نادى بذلك عبد الله بن حذافة,878
3,878,ذكر من قال كان الذي نادى بذلك بشر بن سحيم و من روى هذا الخبر فجعله عنه عن النبي صلى الله عليه وسلم و لم يدخل بينه وبين النبي صلى الله عليه وسلم عليا,879
3,879,ذكر من قال الذي بعثه رسول الله صلى الله عليه وسلم في ذلك كعب بن مالك وأوس بن الحدثان,879
3,879,ذكر من قال بل كان ذلك معاذ بن جبل,879
3,879,ذكر من قال كان ذلك سعد بن أبي وقاص,879
3,879,ذكر من حدث هذا الحديث ولم يسم الذي نادى بذلك في حديثه,880
3,880,القول في البيان عن وجه اختلاف نقلة هذه الأخبار في الذي بعثه رسول الله صلى الله عليه وسلم بمنى للنداء بما ذكر فيها,881
2,881,40 ذكر خبر آخر من أخبار علي عن رسول الله صلى الله عليه وسلم,883
3,882,ذكر من روى هذا الخبر عن علي بن طلق عن النبي صلى الله عليه وسلم,883
2,883,41 - 42 ذكر خبر آخر من أخبار علي عن النبي صلى الله عليه وسلم,886
3,884,القول في علل هذا الخبر,884
3,884,القول فيما في هذا الخبر من الفقه,886
4,885,ذكر من حضرنا ذكره منهم,886
3,886,القول في البيان عما في هذه الأخبار من الغريب,886
2,886,43 ذكر خبر آخر من أخبار علي رحمة الله عليه عن رسول الله صلى الله عليه وسلم,891
3,886,القول في علل هذا الخبر,887
3,887,ذكر من روى هذا الخبر عن علي من أصحابه فوقفه عليه ولم يرفعه إلى رسول الله صلى الله عليه وسلم,887
3,887,ذكر من روى هذا الحديث عن أيوب فقال فيه عنه عن ابن سيرين عن أبي هريرة عن النبي صلى الله عليه وسلم,888
3,888,القول في البيان عما في هذا الخبر من الفقه,891
1,891,[ مسند عبد الرحمن بن عوف رضي الله عنه ],984
3,892,ذكر من روى هذا الخبر عن جبير بن مطعم ، فلم يجعل بينه وبين رسول الله صلى الله عليه وسلم أحدا وخالف في معناه معناه ، وفي لفظه لفظه,892
3,892,ذكر الخبر الوارد عن رسول الله صلى الله عليه وسلم أنه قال : لقد شهدت في دار عبد الله بن جدعان حلفا هو أحب إلي من حمر النعم,893
3,893,القول فيما في هذا الخبر من الفقه,897
4,893,ذكر الأخبار الواردة بذلك عنه,897
2,897,ذكر ما صح عندنا من خبر ابن عباس ، عن عبد الرحمن بن عوف ، عن النبي صلى الله عليه وسلم مما لم يمض ذكره,917
3,899,القول في علل هذا الخبر,899
3,899,القول في البيان عما في هذا الخبر من الفقه,916
4,900,ذكر ذلك,902
4,902,ذكر من قال يبني على اليقين ويتم صلاته,904
4,904,ذكر من قال يتحرى فيبني على الأغلب عنده,905
4,905,ذكر من قال : يأخذ في ذلك بالأكثر والأتم ، ثم يسجد سجدتين في آخر صلاته,914
4,914,ذكر ذلك,914
4,914,ذكر من فعل ذلك أو قاله,915
4,915,ذكر من قال ذلك,916
4,916,ذكر من قال ذلك,916
3,916,القول في البيان عما في هذه الأخبار من الغريب,917
2,917,ذكر خبر آخر من أخبار ابن عباس عن عبد الرحمن بن عوف عن النبي صلى الله عليه وسلم,933
3,918,القول في علل هذا الخبر,918
3,918,ذكر من روى هذا الخبر عن الزهري فقال فيه : عنه ، عن أبي سلمة بن عبد الرحمن ، عن أبيه,918
3,918,ذكر من حدث هذا الحديث عن الزهري فقال فيه : عنه ، عن سالم ، عن أبيه ، عن عبد الرحمن بن عوف ، عن النبي عليه السلام,919
3,919,ذكر من حدث هذا الحديث فقال فيه : عن الزهري ، عن عامر بن سعد ، عن أسامة ، عن النبي صلى الله عليه وسلم,919
3,919,ذكر من قال : ندم عمر - رحمة الله عليه - على رجوعه بالناس واستغفر الله منه,919
3,919,ذكر الخبر عن رسول الله صلى الله عليه وسلم أنه قال : الفار من الطاعون كالفار من الزحف,923
3,923,القول في البيان عما في هذه الأخبار من الفقه,931
4,928,ذكر ما حضرنا ذكره من الأخبار الواردة عنهم بذلك,931
3,931,القول في البيان عما في هذه الأخبار من الغريب,933
2,933,ذكر خبر آخر من أخبار عبد الرحمن بن عوف عن النبي صلى الله عليه وسلم,945
3,933,القول في علل هذا الخبر,934
3,934,ذكر من حدث هذا الحديث عن مفضل ، فلم يجعل فيه بين المسور بن إبراهيم ، وعبد الرحمن بن عوف أحدا,934
3,934,ذكر من روى هذا الحديث عن ابن عفير فوافق في روايته إياه عنه سائر من ذكرنا ممن حدث به عن مفضل بن فضالة,935
3,935,القول في البيان عما في هذا الخبر من الفقه,945
4,935,ذكر من قال القول الذي رويناه عن رسول الله صلى الله عليه وسلم,936
4,936,ذكر من قال ذلك,937
4,937,ذكر من قال ذلك,940
4,940,ذكر بعض من حضرنا ذكره ممن قال ذلك من السلف,945
2,945,ذكر خبر آخر من أخبار عبد الرحمن بن عوف عن النبي صلى الله عليه وسلم,946
3,946,القول في علل هذا الخبر,946
2,946,ذكر خبر آخر من أخبار عبد الرحمن بن عوف ، عن النبي صلى الله عليه وسلم,962
3,946,القول في علل هذا الخبر,947
3,947,ذكر من روى هذا الحديث عن الزهري ، عن أبي سلمة ، فأرسله عنه ، عن أبيه ، ولم يجعل بينه وبين أبيه أبا الرداد,947
3,947,ذكر من روى هذا الخبر عن أبي سلمة فقال فيه : عنه عن أبي هريرة ، عن النبي صلى الله عليه وسلم,948
3,948,( ذكر ذلك ),949
3,949,ذكر ذلك,953
3,953,القول في البيان عن معاني هذه الأخبار,959
4,957,ذكر ذلك,957
4,957,ذكر الأخبار الواردة عن السلف بما قلنا في ذلك,959
3,959,القول في البيان عما في هذه الأخبار من الغريب,962
2,962,ذكر خبر آخر من أخبار عبد الرحمن بن عوف عن النبي صلى الله عليه وسلم,963
3,962,القول في علل هذا الخبر,963
2,963,ذكر خبر آخر من أخبار عبد الرحمن بن عوف عن رسول الله صلى الله عليه وسلم,981
3,963,القول في علل هذا الخبر,964
3,964,ذكر ذلك,966
3,966,القول في البيان عن هذه الأخبار التي ذكرناها,980
4,970,ذكر من قال في ذلك نحو الذي قلنا فيه وعمل بالذي قلنا إنهم عملوا به فيه,972
4,972,ذكر ما حضرنا ذكره من اختلاف من ذكرنا أنهم اختلفوا فيه من الدعاء على الميت,980
5,972,ذكر ما روي في ذلك عن عمر بن الخطاب - رحمة الله عليه,973
5,973,ذكر ما روي عن علي بن أبي طالب - رضوان الله عليه في ذلك -,975
5,975,ذكر ما روي في ذلك عن عبد الله بن مسعود,976
5,976,ذكر ما روي في ذلك عن سائر الصحابة والتابعين,980
5,980,ذكر الرواية الواردة بذلك عنه صلى الله عليه وسلم,980
3,980,القول في البيان عما في هذه الأخبار من الغريب,981
2,981,ذكر خبر آخر من أخبار عبد الرحمن بن عوف عن النبي صلى الله عليه وسلم,984
3,981,القول في علل هذا الخبر,982
3,982,ذكر ذلك,982
3,982,القول في البيان عما في هذا الخبر من الفقه,984
4,982,ذكر من قال من السلف : لا قطع على مختلس,984
4,984,ذكر من قال ذلك,984
3,984,القول في البيان عما في هذه الأخبار من الغريب,984
1,984,( مسند طلحة بن عبيد الله رضي الله عنه ),984
1,984,ذكر ما صح عندنا سنده من أخبار طلحة بن عبيد الله ، عن النبي صلى الله عليه وسلم,1092
3,985,ذكر ما روي من ذلك عن ابنه موسى,985
3,985,القول في علل هذا الخبر,986
3,986,ذكر من روى هذا الخبر عن موسى بن طلحة فقال فيه : عنه عن زيد بن خارجة,986
3,986,ذكر ذلك,991
3,991,القول في البيان عن معاني هذه الأخبار,1015
4,1000,ذكر الأخبار الواردة في ذلك عن الصحابة وغيرهم,1005
4,1005,ذكر من قال : إذا رفع المصلي رأسه من السجدة الآخرة من آخر ركعة من صلاته فقد مضت صلاته ، وتمت تشهد أو لم يتشهد ، سلم أو لم يسلم ، جلس قدر التشهد أو لم يجلس,1008
4,1008,ذكر من قال إذا جلس قدر التشهد تمت صلاته وإن لم يتشهد,1009
4,1009,ذكر من قال لا تتم صلاة المصلي إلا بتشهد,1010
4,1010,ذكر من قال لا تتم صلاة المصلي حتى يتشهد ويسلم,1015
3,1015,القول في البيان عما في هذه الأخبار من الغريب,1019
2,1019,ذكر خبر آخر من أخبار موسى بن طلحة عن أبيه عن النبي صلى الله عليه وسلم,1051
3,1019,القول في علل هذا الخبر,1019
3,1019,ذكر من روى هذا الحديث فأرسله عن موسى بن طلحة عن النبي صلى الله عليه وسلم ولم يقل فيه : عن أبيه,1020
3,1020,ذكر ذلك,1023
3,1023,القول في البيان عما في هذه الأخبار من الفقه,1049
4,1024,ذكر من قال ذلك,1024
4,1024,ذكر من قال ذلك,1025
4,1025,ذكر من روي عنه من السلف أنه كان يصلي إلى مثل مؤخرة الرحل أو كان يأمر بذلك,1025
4,1025,ذكر من كان يصلي إلى أطول من ذلك,1026
4,1026,ذكر من قال يجزيء المصلي من السترة كل ما استتر به,1028
4,1028,ذكر من قال ذلك,1028
4,1028,ذكر من قال ذلك,1035
4,1035,ذكر من قال ذلك,1036
4,1036,ذكر من قال ذلك,1040
4,1040,ذكر من قال ذلك,1040
4,1040,ذكر من قال ذلك,1041
4,1041,ذكر من قال ذلك,1043
4,1043,ذكر من قال ذلك,1049
3,1049,القول في البيان عما في هذه الأخبار من الغريب,1051
2,1051,ذكر خبر آخر من أخبار موسى بن طلحة عن أبيه عن النبي صلى الله عليه وسلم,1053
3,1051,القول في علل هذا الخبر,1051
3,1051,ذكر ذلك,1052
3,1052,القول في البيان عما في هذا الخبر من الفقه,1053
3,1053,القول في البيان عما في هذا الخبر من الغريب,1053
2,1053,ذكر خبر آخر من أخبار موسى بن طلحة عن أبيه عن النبي صلى الله عليه وسلم,1056
3,1053,القول في علل هذا الخبر,1054
3,1054,ذكر من حدث هذا الحديث عن موسى بن طلحة فقال فيه : عن معاوية ، عن رسول الله صلى الله عليه وسلم,1054
3,1054,ذكر ذلك,1054
3,1054,ذكر من حدث هذا الحديث عن طلحة بن يحيى فقال فيه : عنه عن عيسى بن طلحة فأرسله عنه ولم يجعل بينه وبين النبي صلى الله عليه وسلم أحدا ولم يذكر معه موسى بن طلحة,1055
3,1055,القول فيما في هذا الخبر من الغريب,1055
3,1055,ذكر من وردت عنه الأخبار بذلك منهم,1056
2,1056,ذكر ما صح عندنا سنده من حديث يحيى بن طلحة بن عبيد الله عن أبيه عن رسول الله صلى الله عليه وسلم,1065
3,1057,القول في علل هذا الخبر,1057
3,1057,ذكر ذلك,1060
3,1060,القول في البيان عما في هذا الخبر من الفقه,1062
3,1062,ذكر من روي عنه من السلف أنه وسم أو أذن في ذلك,1063
3,1063,ذكر الرواية بذلك عمن حضرنا ذكره منهم,1064
3,1064,القول في البيان عما في هذه الأخبار من الغريب,1065
2,1065,ذكر خبر آخر من أخبار يحيى بن طلحة عن أبيه عن النبي صلى الله عليه وسلم,1066
3,1065,القول في علل هذا الخبر,1065
3,1065,ذكر ذلك,1066
2,1066,ذكر خبر آخر من أخبار يحيى بن طلحة عن أبيه عن النبي صلى الله عليه وسلم,1069
3,1066,القول في علل هذا الخبر,1067
3,1067,ذكر من حدث هذا الحديث عن الشعبي فقال فيه : عنه عن يحيى بن طلحة عن أمه سعدى المرية عن طلحة,1067
3,1067,ذكر من حدث هذا الحديث فقال فيه : عن الشعبي عن رجل عن سعدى امرأة طلحة,1067
3,1067,ذكر من حدث هذا الحديث فقال : إنما كانت هذه المحاورة بين طلحة وأبي بكر,1068
3,1068,ذكر من حدث هذا الحديث فجعل هذه القصة خبرا عن أبي بكر وعثمان رحمة الله عليهما,1069
2,1069,ذكر خبر آخر من أخبار طلحة بن عبيد الله عن النبي صلى الله عليه وسلم,1073
3,1069,القول في علل هذا الخبر,1070
3,1070,ذكر من حدث هذا الحديث عن أبي سلمة فجعله عنه عن طلحة ولم يدخل بينهما أبا هريرة,1071
3,1071,ذكر ذلك,1071
3,1071,القول في البيان عما في هذا الخبر من الفقه,1072
4,1072,ذكر الأخبار الواردة عنه بذلك,1072
3,1072,القول في البيان عما في هذه الأخبار من الغريب,1073
2,1073,( ذكر خبر آخر من أخبار طلحة بن عبيد الله عن النبي صلى الله عليه وسلم ),1074
3,1073,القول في علل هذا الخبر,1073
3,1073,ذكر ذلك,1074
2,1074,ذكر خبر آخر من أخبار طلحة بن عبيد الله عن النبي صلى الله عليه وسلم,1086
3,1075,القول في علل هذا الخبر,1075
3,1075,ذكر من روى هذا الحديث عن منذر الثوري ، عن محمد بن الحنفية فأرسله عنه ولم يجعل بينه وبين رسول الله صلى الله عليه وسلم أحدا,1076
3,1076,ذكر من وافق طلحة في رواية هذا الخبر عن رسول الله,1077
3,1077,القول في البيان عما في هذا الخبر - أعني خبر طلحة - الذي ذكرناه عن رسول الله صلى الله عليه وسلم من المعاني,1086
4,1078,ذكر من لم نذكر - قبل - ممن قال هذا القول أو رواه عن رسول الله,1079
4,1079,ذكر بعض من جمع له اسم النبي صلى الله عليه وسلم وكنيته,1080
4,1080,ذكر من قال ذلك,1084
4,1084,ذكر بعض من روي ذلك عنه,1086
2,1086,ذكر خبر آخر من أخبار طلحة عن النبي صلى الله عليه وسلم,1092
3,1086,القول في علل هذا الخبر,1086
3,1086,ذكر ذلك,1088
3,1088,القول في البيان عما في هذا الخبر من الفقه,1092
3,1092,القول في البيان عما في هذه الأخبار من الغريب,1092
1,1092,( مسند الزبير بين العوام رضي الله عنه ),1152
2,1092,ذكر ما لم يمض ذكره من أخبار الزبير بن العوام عن رسول الله صلى الله عليه وسلم,1099
3,1093,القول في علل هذا الخبر,1093
3,1093,ذكر من روى هذا الخبر عن الزهري فجعله عنه عن عروة فأرسله ولم يجعل بين عروة وبين النبي صلى الله عليه وسلم أحدا,1094
3,1094,ذكر من قال : إنما نزلت هذه الآية في المنافق واليهودي اللذين ذكرنا أمرهما,1095
3,1095,ذكر بعض من حضرنا ذكره منهم,1095
3,1095,القول في البيان عما في هذا الخبر من الفقه,1099
3,1099,القول في البيان عما في هذا الخبر - أعني خبر الزبير عن النبي صلى الله عليه وسلم من الغريب,1099
2,1099,ذكر خبر آخر من أخبار عبد الله بن الزبير عن أبيه عن النبي صلى الله عليه وسلم,1102
3,1100,القول في علل هذا الخبر,1100
3,1100,القول في البيان عما في هذا الخبر من الفقه,1102
2,1102,ذكر خبر آخر من أخبار أسماء ابنة أبي بكر عن الزبير بن العوام عن رسول الله صلى الله عليه وسلم,1106
3,1103,القول في علل هذا الخبر,1103
3,1103,ذكر من روى هذا الخبر عن هشام بن عمرو فخالفه في الإسناد واللفظ والمعنى,1104
3,1104,القول في البيان عما في هذا الخبر من الفقه,1105
4,1104,ذكر ما حضرنا من ذلك,1105
3,1105,القول في البيان عما في هذا الخبر من الغريب,1106
2,1106,ذكر ما صح - عندنا - سنده مما لم يمض ذكره من أخبار عروة بن الزبير ، عن أبيه ، عن النبي صلى الله عليه وسلم,1132
3,1106,القول في علل هذا الخبر,1106
3,1106,ذكر من روى هذا الخبر عن ابن كناسة فلم يدخل بين عثمان والزبير عروة,1106
3,1106,ذكر ذلك,1108
3,1108,القول في البيان عن هذه الأخبار,1132
4,1109,ذكر من اختار تغييره فغيره أو روي عنه الندب إلى التغيير,1121
4,1121,ذكر من روي ذلك عنه من السلف أو ترك تغيير الشيب,1132
2,1132,ذكر خبر آخر من أخبار عروة ، عن أبيه ، عن النبي صلى الله عليه وسلم,1132
3,1132,القول في علل هذا الخبر,1132
2,1132,ذكر خبر آخر من أخبار عروة ، عن أبيه ، عن النبي صلى الله عليه وسلم,1142
3,1133,القول في علل هذا الخبر,1133
3,1133,ذكر ذلك,1134
3,1134,القول في البيان عن هذه الأخبار وعما فيها من الفقه,1142
4,1135,ذكر من صحح الرواية عن رسول الله صلى الله عليه وسلم بإسهامه للفارس ثلاثة أسهم وقال به أو عمل به من السلف,1136
4,1136,ذكر من صحح الرواية عن رسول الله صلى الله عليه وسلم بإسهامه للفارس سهمين وللراجل سهما,1142
2,1142,ذكر خبر آخر من أخبار عروة بن الزبير عن أبيه عن النبي صلى الله عليه وسلم,1144
3,1142,القول في علل هذا الخبر,1142
3,1142,القول في البيان عن معنى هذا الخبر,1144
2,1144,ذكر خبر آخر من أخبار عروة ، عن أبيه ، عن النبي صلى الله عليه وسلم,1152
3,1144,القول في علل هذا الخبر,1145
3,1145,القول فيما في هذا الخبر من الفقه,1151
4,1145,ذكر ذلك,1147
4,1147,ذكر من قال ذلك,1150
4,1150,ذكر الخبر بذلك,1151
3,1151,القول في البيان عما في هذه الأخبار من الغريب,1152
2,1152,ذكر خبر آخر من أخبار الزبير عن رسول الله صلى الله عليه وسلم,1152
3,1152,القول في علل هذا الخبر,1152
3,1152,القول فيما في هذا الخبر من الفقه,1152