id,book,alignments,ch_match
EScr20112614,0845AbuHafsSamarqandi.NaylHathith,3,525
EScr20120309,0850ShihabDinIbshihi.TadhkiratCarifin,2,336
EScr202211221604,0334Azdi.TarikhMawsil,1,178
EShia0071536,0363QadiNucman.TawilDacaim,1,113
EShia0086596,0363QadiNucman.ManaqibWaMathalib,2,506
JK000001,0505Ghazali.IhyaCulumDin,19,3911
JK000002,0281IbnAbiDunya.TawaducWaKhumul,2,380
JK000015,0281IbnAbiDunya.MakarimAkhlaq,4,949
JK000021,0458Bayhaqi.ShucabIman,98,22008
JK000022,0430AbuNucaymIsbahani.HilyatAwliya,60,12648
JK000024,0458Bayhaqi.FadailAwqat,3,575
JK000030,0581IbnKharratIshbili.CaqibaFiDhikrMawt,14,3675
JK000038,0281IbnAbiDunya.Manamat,1,127
JK000040,0333IbnMarwanDinawari.Qinaca,4,795
JK000042,0281IbnAbiDunya.Awliya,1,171
JK000049,0281IbnAbiDunya.Hilm,1,201
JK000055,0181IbnMubarak.Zuhd,14,3957
JK000060,0751IbnQayyimJawziyya.Fawaid,2,305
JK000076,1307Qannawji.Yaqza,4,1246
JK000077,0728IbnTaymiyya.ZuhdWaWarac,1,157
JK000083,0751IbnQayyimJawziyya.HadiArwah,5,2397
JK000098,1327AhmadIbrahimCisa.TawdihMaqasid,7,1611
JK000099,0751IbnQayyimJawziyya.Salat,1,145
JK000110,0256Bukhari.Sahih,94,26291
JK000130,0303Nasai.SunanSughra,101,23756
JK000134,0852IbnHajarCasqalani.TahdhibTahdhib,3,295
JK000170,1252IbnCabidinDimashqi.RaddMuhtar,2,186
JK000201,1353IbnCabdRahimMubarakfuri.TuhfatAhwadhi,20,3086
JK000216,1120IbnMuhammadBurhanDinDimashqi.BayanWaTacrif,34,6956
JK000221,0597IbnJawzi.TahqiqFiAhadithKhilaf,23,4521
JK000258,0203YahyaIbnAdam.Kharaj,2,600
JK000271,0804IbnMulaqqin.TuhfatMuhtaj,6,1193
JK000272,0476AbuIshaqShirazi.MuhadhdhabFiFiqh,4,585
JK000299,0861IbnHumam.SharhFathQadir,14,2182
JK000314,0458Bayhaqi.IthbatCadhabQabr,27,8346
JK000362,0728IbnTaymiyya.DarTacarud,1,205
JK000370,0728IbnTaymiyya.SarimMaslul,1,383
JK000381,0728IbnTaymiyya.MajmucFatawa,49,12649
JK000383BK1,0774IbnKathir.TalkhisIstighatha,4,808
JK000384,0395IbnMandaMuhammad.Iman,42,14390
JK000435,0211CabdRazzaqSancani.Tafsir,11,4606
JK000458,0982IbnMuhammadAbuSucud.IrshadCaqlSalim,1,214
JK000475,0303Nasai.SunanKubra,177,41626
JK000477,0385Daraqutni.Sunan,41,7969
JK000481,0287IbnAbiCasim.AhadWaMathani,29,5898
JK000482,0241IbnHanbal.FadailSahaba,6,1611
JK000502,0430AbuNucaymIsbahani.Ducafa,1,256
JK000508,0643DiyaDinMaqdisi.FadailBaytMaqdis,4,1451
JK000520,0369AbuShaykhIsbahani.TabaqatMuhaddithin,6,1223
JK000532,0748Dhahabi.TadhkiratHuffaz,6,987
JK000533,0852IbnHajarCasqalani.IsabaFiTamyiz,22,4210
JK000562,0287IbnAbiCasim.Jihad,3,507
JK000575,0280AbuCabbasBirti.MusnadIbnCawf,9,2044
JK000581,0845Maqrizi.MukhtasarKitabWitr,2,330
JK000588,0270IbnCaffanKufi.AmaliWaQiraa,1,89
JK000595,0343IbnSulaymanAtrabulusi.Hadith,1,172
JK000601,0218CabdAclaGhassani.Nuskha,1,177
JK000609,0852IbnHajarCasqalani.WuqufCalaMawquf,2,695
JK000624,0414AbuQasimRazi.Fawaid,13,2583
JK000631,0458Bayhaqi.QiraaKhalfaImam,1,149
JK000653,0307IbnHarunRuyani.Musnad,25,5710
JK000657,0535QawwamSunna.DalailNubuwwa,10,2917
JK000669,0303Nasai.KhasaisAmirMumininCali,2,512
JK000677,0204Shafici.SunanMathura,4,839
JK000679,0279Tirmidhi.CilalKabir,8,1473
JK000691,0307AbuYaclaMawsili.Mucjam,4,631
JK000693,0292IbnCaliMarwazi.MusnadAbiBakr,2,471
JK000698,0458Bayhaqi.Ictiqad,4,1151
JK000699,0748Dhahabi.DinarMinHadith,1,85
JK000703,0303Nasai.MajlisanMinImla,1,201
JK000717,0430AbuNucaymIsbahani.TasmiyatRuwatCanSacidIbnMansur,1,284
JK000723,0303Nasai.Wafat,2,213
JK000728,0458Bayhaqi.MadkhalIlaSunanKubra,7,1290
JK000734,0804IbnMulaqqin.KhulasatBadrMunir,1,203
JK000735,0303Nasai.CamalYawmWaLayla,19,4357
JK000761,0463KhatibBaghdadi.JamicLiAkhlaqRawiWaAdabSamic,4,661
JK000774,0273AbuUmayyaTarsusi.MusnadCabdAllahIbnCumar,1,202
JK000778,0463IbnCabdBarr.IsticabFiMacrifatAshab,25,5098
JK000784,0227IbnMansurKhurasani.TafsirMinSunanSacid,10,1921
JK000785,0211CabdRazzaqSancani.Musannaf,45,8787
JK000786,0235IbnAbiShayba.Musannaf,163,34453
JK000791,0597IbnJawzi.ZadMasir,5,853
JK000830,0379MuhammadRabci.WasayaCulama,1,305
JK000844,0301AbuBakrFaryabi.AhkamCidayn,1,168
JK000849,0458IbnSidaMursi.Mukhassas,2,280
JK000889,0301AbuBakrFaryabi.Siyam,7,1553
JK000908,0281IbnAbiDunya.ManCashaBacdaMawt,1,175
JK000910,0597IbnJawzi.Adhkiya,3,434
JK000911,0630IbnAthirCizzDin.Kamil,15,3634
JK000916,0571IbnCasakir.TarikhDimashq,252,61231
JK000917,0543IbnCarabiIshbili.AhkamQuran,7,1227
JK000918,0369AbuShaykhIsbahani.AkhlaqNabi,6,1055
JK000919,0356AbuCaliQali.AmaliFiLugha,3,752
JK000927,0362AbuFarajIsbahani.Aghani,19,5220
JK000935,0368IbnJacfarQatici.Fawaid,1,395
JK000940,0769IbnCabdAllahTaqiDinShibli.AkamMarjan,1,173
JK000977,0430AbuNucaymIsbahani.MusnadMustakhrajCalaSahihMuslim,80,19436
JK000985,0806IbnHusaynZaynDinCiraqi.Taqyid,2,256
JK000990,1338TahirJazairiDimashqi.TawjihNazar,1,171
JK001012,1255Shawkani.TuhfatDhakirin,4,602
JK001039,0281IbnAbiDunya.IshrafFiManazil,3,611
JK001040,0281IbnAbiDunya.IslahMal,1,122
JK001045,0438IbnYusufJuwayni.RisalaFiIthbat,1,276
JK001081,0273HanbalIbnIshaqShaybani.Fitan,3,619
JK001095,0434IbnAhmadHarawi.Fawaid,2,509
JK001122,0246IbnCumarDuri.JuzFihiQiraat,2,644
JK001171,0327AbuBakrKharaiti.MuntaqaMinMakarim,7,1197
JK001189,0590IbnNasrJalalDinShayzari.ManhajMasluk,2,251
JK001202,0303Nasai.Nucut,1,278
JK001203,0852IbnHajarCasqalani.NuzhatSamicin,1,204
JK001226,0744IbnCabdHadi.SarimMunki,3,754
JK001227,0911Suyuti.SharhSudur,26,7584
JK001236,0745IbnMuhammadTaqiDinIbnImam.SilahMumin,15,3023
JK001241,0430AbuNucaymIsbahani.DhikrManIsmuhuShucba,1,111
JK001269,0450AbuHasanMawardi.TashilNazar,2,350
JK001277,0600CabdGhaniMaqdisi.TawhidLiLlah,1,287
JK001284,0456IbnHazm.HajjatWidac,2,295
JK001287,0369AbuShaykhIsbahani.AhadithAbiZubayr,1,95
JK001288,0458Bayhaqi.ZuhdKabir,2,319
JK001293BK1,0748Dhahabi.MizanIctidal,8,1144
JK001296,0231IbnSallamJumahi.TabaqatFuhulShucara,2,508
JK001297,0509IbnShahridarDaylami.Firdaws,3,452
JK001324,0974IbnHajarHaytami.SawaciqMuhriqa,1,76
JK001325,1315Salawi.IstiqsaLiAhkbar,2,405
JK001336,0850ShihabDinIbshihi.Mustatraf,3,506
JK001412,0896IbnCaliIbnAzraqGharnati.BadaicSilk,3,415
JK001429,0643DiyaDinMaqdisi.FadailAcmal,6,997
JK001435,0280CuthmanIbnSacidDarimi.RaddCalaJahmiyya,2,311
JK001438,0333IbnMuhammadMadini.Juz,1,189
JK001477,0963CabdRahmanAbuFathCabbasi.MacahidTansis,2,333
JK001484,0233YahyaIbnMacin.HadithYahya,1,88
JK001487,0387IbnBattaCukbari.IbanaCanSharica,4,982
JK001493,0292Yacqubi.Tarikh,1,102
JK003501,0927Culaymi.UnsJalil,2,316
JK003504,0249Azraqi.AkhbarMakka,3,607
JK003609,0764Safadi.WafiBiWafayat,11,2017
JK005004,0911Suyuti.LaaliMasnuca,4,766
JK005005,0963IbnMuhammadIbnCiraqKanani.TanzihSharica,2,438
JK005008,0682IbnYahyaGhassani.TakhrijAhadithDicaf,5,876
JK005014,1277IbnDarwishHut.AsnaMatalib,1,121
JK005200,0743FakhrDinZaylaci.TabyinHaqaiq,2,286
JK006476,0489IbnMuhammadSamcani.TafsirQuran,4,709
JK006800,0224QasimIbnSallam.Amwal,11,2266
JK006801,0852IbnHajarCasqalani.MatalibCaliya,29,5816
JK006833,0290IbnAhmadIbnHanbal.Sunna,32,10114
JK006838,0458Bayhaqi.DalailNubuwwa,59,17418
JK006884,1206IbnCabdWahhab.AhkamTamanniMawt,2,694
JK006897,1206IbnCabdWahhab.Hadith,24,4716
JK006907,0659SadrDinBasri.Hamasa,3,368
JK006908,0609AbuCabbasJarrawi.HamasaMaghribiyya,1,69
JK006922,0328AbuBakrIbnAnbari.ZahirFiMacani,5,795
JK006950,0728IbnTaymiyya.RasailWaFatawa,7,1118
JK006983,0728IbnTaymiyya.KhilafaWaMulk,2,391
JK007001,0306Wakic.AkhbarQudat,5,836
JK007006,1031CabdRaufMunawi.TaysirBiSharh,3,461
JK007007,0197IbnWahbQurashi.JamicFiHadith,13,2446
JK007016,0310IbnAhmadDulabi.KunaWaAsma,26,4739
JK007018,0660SultanCulamaCizzDinDimashqi.TafsirQuran,1,115
JK007019,0344IbnSammak.Fawaid,2,443
JK007025,0564IbnCabdWahidSamarqandi.Majlis,6,1395
JK007036,0686IbnZakariyaManbiji.LubabFiJamc,6,1017
JK007040,0370AbuMansurAzhari.TahdhibLugha,10,1402
JK007049,0235IbnAbiShayba.Musnad,24,4441
JK007054,0763IbnMuflihMaqdisi.AdabSharciyya,13,2047
JK007062,0902Sakhawi.Buldaniyyat,1,222
JK007063,0597IbnJawzi.Tabsira,7,1361
JK007064,1307Qannawji.RawdaNadiyya,6,980
JK007065,0488IbnFutuhHumaydi.JamcBaynaSahihayn,110,26128
JK007074,0974IbnHajarHaytami.FatawaKubra,2,520
JK007082,0333IbnMarwanDinawari.MujalasaWaJawahirCilm,8,1394
JK007083,0744IbnCabdHadi.MuharrirFiHadith,5,1005
JK007095,0399IbnAbiZamanaynIlbiri.Tafsir,10,2577
JK007097,0842IbnNasirDinDimashqi.TawdihMushtabih,1,338
JK007099,1233SulaymanSibtIbnCabdWahhab.Taysir,1,169
JK007106,0246HishamSulami.HadithHisham,5,1447
JK007107,0676Nawawi.KhulasatAhkam,16,3458
JK007116,0806IbnHusaynZaynDinCiraqi.TaqribAsanid,1,174
JK007128,0597IbnJawzi.KashfMushkil,6,654
JK007503,0007MaymunIbnQaysAcsha.Diwan,1,87
JK007511,0001NabighaDhubyani.Diwan,1,164
JK007531,0045JarwalIbnAwsHutaya.Diwan,1,163
JK007546,0125Tirimmah.Diwan,1,88
JK009150,0643IbnNajjar.DhaylTarikhBaghdad,3,456
JK009151,0771TajDinSubki.RafcHajib,1,179
JK009154,0696IbnZahiri.Mashyakha,6,982
JK009179,0458Bayhaqi.QadaWaQadar,4,755
JK009180,0316IbnAbiDawudSijistani.Masahif,1,136
JK009189,0658IbnAbbar.MucjamAshab,2,387
JK009214,0685IbnYahyaSulami.CiqdDurar,6,951
JK009225,0487AbuCubaydBakri.SimtLaaliFiSharhAmali,3,581
JK009237,0638IbnCarabi.FutuhatMakkiyya,2,305
JK009242,0597IbnJawzi.WafaBiAhwalMustafa,15,4616
JK009249,0911Suyuti.TuhfatAbrar,1,295
JK009266,0800IbnCadilHanbali.LubabFiCulumKitab,12,2080
JK009296,1111MuhammadAminMuhibbi.NafahatRayhana,1,280
JK009318,0974IbnHajarHaytami.Inafa,4,509
JK009324,0449IbnBattalQurtubi.SharhSahihBukhari,185,43030
JK009332,1031CabdRaufMunawi.SayyidatNisa,1,220
JK009364,0255Jahiz.MahasinWaAddad,1,129
JK009379,0911Suyuti.Habaik,1,88
JK009390,1423CabbasAhmadSaqr.JamicAhadith,429,85868
JK009391,0576AbuTahirSilafi.Tuyurat,3,753
JK009396,0450AbuHasanMawardi.NukatWaCuyun,8,1297
JK009408,0430AbuNucaymIsbahani.MacrifatSahaba,80,16859
JK010001,1225IbnNasirNajdi.FawakihCidhab,10,1387
JK010552,0390IbnZakariyaNahrawani.JalisSalih,2,287
JK010565,0613CaliIbnZafir.BadaicBadaih,1,421
JK010605,0291IbnYahyaThaclab.MajalisThaclab,1,537
JK010621,0413AbuIshaqHusri.JamcJawahir,1,165
JK010635,0573NashwanHimyari.HurCin,1,78
JK010637,0463IbnRashiqQayrawani.CumdaFiMahasinShicr,4,693
JK010724,0692IbnCisaBahaDinIrbili.TadhkiraFakhriyya,1,192
JK010732,0597IbnMubarakBaghdadi.MuntahaTalab,1,90
JK010765,0224QasimIbnSallam.Amthal,1,161
JK010919,0571IbnCasakir.ArbacunaBuldaniyya,1,178
JK011068,0833IbnJazari.ManaqibAsadGhalib,1,160
JK011184,0750IbnTurkamani.JawharNaqi,6,803
JK011273,0327AbuBakrKharaiti.IctilalQulub,1,243
JK011302,0251IbnZanjawayh.Amwal,11,1880
JK011319,0316IbnAbiDawudSijistani.Bacth,1,331
JK011358,0275AbuDawudSijistani.Zuhd,4,846
JK011365,0197WakicIbnJarrah.Zuhd,4,592
JK011402,0345IbnMuhammadSamarqandi.FawaidMuntaqat,1,88
JK011413,0235IbnYunusBaghdadi.Qada,2,219
JK011486,0323CaliHimyari.Juz,1,189
JK011496,0381IbnCabdRahmanZuhri.Hadith,1,128
JK011497,0272IbnIshaqFakihi.HadithFakihi,6,1261
JK011499,0180IbnJacfarAnsari.HadithIsmacil,1,205
JK011548,0294IbnNasrMarwazi.SalatWitr,3,532
JK011565,0224QasimIbnSallam.FadailQuran,4,652
JK011593,0845Maqrizi.MukhtasarQiyamLayl,2,499
JK011598,0327AbuBakrKharaiti.MasawiAkhlaq,22,3661
JK011633,0340IbnAcrabiBasri.Mucjam,19,3794
JK011743,1252IbnCabidinDimashqi.TanqihFatawa,1,124
Kraken21041700,0973CabdWahhabShacrani.JawharMasun,1,230
Kraken2106220218081,0322AbuHatimRazi.Zina,5,1247
Kraken210630005153,0749IbnFadlAllahCumari.MasalikAbsar,5,878
Kraken2107192213391,0243HarithMuhasibi.Ricaya,1,195
Kraken2108092202141,0200AbuGhanimKhurasani.MudawwanaKubra,3,514
Kraken210809220218,0350MuhammadKindi.AkhbarQudatMisr,1,125
Kraken211201162527,1429MustafaSacidKhinn.IkhtilafAthar,2,917
Kraken220208041045,0565IbnZafar.AnbaNujabaAbna,1,227
Kraken22020817055002,0749ZaynDinIbnWardi.FathRahim,1,489
Kraken22021606120702,0637IbnKhabbazMawsili.FaridaFiSharh,1,85
Kraken22021606120800,0356AbuCaliQali.AmaliMacaDhaylAmaliWaNawadir,1,385
Kraken22021606121201,0697IbnWasil.TajridAghani,4,1104
Kraken22021606121202,0660ShamsDinRazi.HadaiqHaqaiq,1,98
Kraken22021606122302,0561CabdQadirJilani.JalaKhatir,1,147
Kraken22021606122503,0843IbnKhatibNasiriyya.DurrMuntakhabFiTakmilatTarikhHalab,1,136
Kraken22021606123201,0885BurhanDinBiqaci.NukatWaFawaid,1,209
Kraken220218125253,0814IbnNahhas.MasharicAshwaq,6,1098
Kraken22031816264701,1007Saktawari.MuhadaratAwail,1,232
Kraken22041020273100,0261Khassaf.Hiyal,2,410
Kraken220413030759,0776MuhammadIbnHasanWasiti.MajmacAhbab,9,1556
Kraken220413030847,0870Jazuli.DalailKhayrat,2,805
Kraken220413030905,0786IbnCabdRahmanJamalDinHubayshi.Baraka,2,520
Kraken220413030928,0852IbnHajarCasqalani.BadhlMacun,11,2527
Kraken220413194022,1359FarajAllahZakiKurdi.MajmucatFatawaIbnTaymiyya,3,718
Kraken22041319410300,0973IbnHajarHaythami.Cumda,2,297
Kraken220413194118,0902Sakhawi.Istijlab,2,547
Kraken220413194132,0973IbnHajarHaythami.MinahMakkiyya,2,349
Kraken220413202218,0597IbnJawzi.MinhajQasidin,11,2541
Kraken220413202353,0396SirawaniSaghir.AdabMuluk,1,186
Kraken220413203004,0652Mahalli.HadaiqWardiyya,3,544
Kraken220727035853,1204SulaymanJamal.FutuhatIlahiyya,4,673
Kraken220809002354,1102NurDinYusi.Qanun,1,317
Kraken230106005528,0944IbnCaliIbnDaybacShaybani.TaysirWusul,8,1344
Kraken230107021738,0600CabdGhaniMaqdisi.Kamal,1,120
Kraken230110004547,0622IbnBadrDiyaDinMawsili.JamcBaynSahihayn,20,3272
LAL2016110801,0454Qudaci.Shihab,1,101
LMN20200928,0750IbnLuyunTujibi.InalaCilmiyya,2,364
MMS00008,0843IbnKhatibNasiriya.DurrMuntakhab,1,145
MMS00013,0845Maqrizi.KhabarCanBashar,7,883
MMS00016,0852IbnHajarCasqalani.Badhl,8,2027
MMS00028,0875Husayni.RawdMugharras,1,82
Masaha000146Vols,0800IbnAbiHasanDaylami.IrshadQulub,2,526
Masaha000554Vols,1450NasirMakarimShirazi.AmthalFiTafsir,5,829
Masaha000955Vols,0393IbnHammadJawhari.SihahTajLugha,2,169
Masaha000979,0350MuhammadIbnMuhammadIbnAshcath.Jacfariyyat,1,167
Masaha001171Vols,0993MuhaqqiqArdabili.MajmacFaida,2,313
Masaha001838,0497IbnFarajIbnTallacQurtubi.AqdiyatRasul,2,463
Masaha001864Vols,0845Maqrizi.ImtacAsmac,97,28443
Masaha001922,0664IbnTawus.Tashrif,7,1654
Masaha001941,0669IbnSabcinMursi.AnwarNabi,1,263
Masaha001946Vols,0893IbnAbiBakrHadari.BahjatMahafil,2,340
Masaha001954,0654SibtIbnJawzi.TadhkiratKhawass,4,880
Masaha001961Vols,0966HusaynDiyarbakri.TarikhKhamis,19,4426
Masaha001978Vols,0955MuhammadKarakiHairi.TasliyatMujalis,1,129
Masaha002028Vols,0581AbuQasimSuhayli.RawdUnuf,27,7629
Masaha002064Vols,0450IbnMuhammadCasimi.CasalMusaffa,6,1900
Masaha002308Vols,0734IbnSayyidNas.CuyunAthar,14,4834
Masaha002336,0483IbnMuhammadIbnMaghaziliWasiti.ManaqibCali,1,98
Masaha002349,0320IbnMuhammadBayhaqi.Mahasin,2,566
Masaha002473,0336IbnHumamIskafi.KifayatTalib,2,478
Masaha002865,0334IbnHamdanKhusaybi.HidayaKubra,1,204
Masaha002871,0333IbnCuqdahKufi.FadailAmirMuminin,1,190
Masaha002872,0905IbnCabdRahmanIjiShafici.FadailThaqalayn,6,1446
Masaha002880Vols,0722IbrahimIbnSacdDin.FaraidSamtayn,5,1296
Masaha002979Vols,0538JarAllahZamakhshari.RabicAbrar,5,857
Masaha003032,0911Samhudi.WasailWusul,9,1861
Masaha003104,0750IbnYusufZarandi.NazmDurar,3,763
Masaha003294,0410IbnMardawayh.ManaqibCali,7,1818
Masaha003296Vols,0300IbnSulaymanKufi.ManaqibImam,4,969
Masaha003390Vols,0436SharifMurtada.Amali,1,95
Masaha003492Vols,0538JarAllahZamakhshari.FaiqFiGharib,3,802
Masaha003644,0502RaghibIsbahani.Mufradat,3,647
Masaha003682Vols,0573NashwanHimyari.ShamsCulum,2,258
Masaha003703Vols,0395IbnFarisQazwini.MucjamMaqayis,2,236
Masaha003955Vols,0699IbnCabdMalikMurjani.BahjatNufus,2,303
Masaha004105Vols,0827IbnIshaqKhwarizmi.ItharatTarghib,6,1874
Masaha004117,0450IshaqTabari.TarikhSanca,1,220
Masaha004387Vols,0885IbnFahd.IthafWura,13,4290
Masaha004395Vols,0902Sakhawi.TuhfaLatifa,1,117
Masaha004561Vols,0283AbuIshaqThaqafi.Gharat,1,445
Masaha004578,0352IbnIbrahimKufi.Tafsir,1,215
Masaha004583,0726CallamaHilli.KashfYaqin,3,722
Masaha004698,0966ShahidThani.MunyatMurid,2,516
Masaha004844,0682ZakariyaQazwini.CajaibMakhluqat,1,288
Masaha004845,0744IbnCabdHadi.FadailSham,1,97
Meshkat00042488,0860AhmadSiwasi.CuyunTafasir,1,113
Meshkat00057178,0537AbuHafsNasafi.TaysirFiTafsir,3,490
Meshkat0014420,0494HakimJushami.TahdhibFiTafsir,1,127
Rafed0000040Vols,1450JacfarSubhani.BuhuthFiMilalWaNihal,1,123
Rafed0000066,1450MuhammadJawadFaqih.CammarIbnYasir,1,222
Rafed0000185Vols,1450JacfarSubhani.SayyidMursalin,2,416
Rafed0000401,0212NasrIbnMuzahim.WaqcatSiffin,1,162
Rafed0000609Vols,1433BaqirSharifQurashi.HayatImamHasan,1,243
Rafed0000862,1373KashifGhita.JannatMawa,1,223
Rafed0001121,0560AbuMansurTabarsi.Ihtijaj,2,514
Rafed0001617Vols,1323MuhammadCabduh.NahjBalagha,3,677
Rafed0001713Vols,0988FathAllahKashani.ZubdatTafasir,1,164
Rafed0001792Vols,0730NizamDinNaysaburi.GharaibQuran,5,1028
Rafed0001826,1403HashimMacrufHasani.DirasatFiHadith,1,114
Rafed0001909,0614IbnAhmadIbnKhumayrSabti.TanzihAnbiya,1,184
Rafed0002209Vols,0832TaqiFasi.CiqdThamin,5,988
Rafed0002347,1070MuhammadKibrit.JawahirThamina,1,195
Rafed0002489Vols,1380MuhammadAhmadHajari.MajmucBuldanYaman,1,147
Rafed0002530Vols,0487AbuCubaydBakri.MucjamMaIstacjama,3,430
Rafed0002654Vols,1019NurAllahTustari.IhqaqHaqq,98,21708
Rafed0002905Vols,1393MuhammadTahirIbnCashurTunisi.TahrirWaTanwir,7,1323
Rafed0003257Vols,1431MuhammadHusaynFadlAllah.TafsirMinWahyQuran,3,610
Rafed0003489,0774IbnKathir.MucjizatNabi,3,1089
Rafed0003726Vols,1450DarTaqrib.MawsucaQuraniyya,1,149
Rafed0003799Vols,1450NasirMakarimShirazi.NafahatQuran,5,945
Rafed0003882,1403HashimMacrufHasani.TarikhFiqhJacfari,1,112
Rafed0003902Vols,1332IbnMuhammadJamalDinQasimi.MahasinTawil,30,7966
Sham19Y0000259,1346LuisShikhuYasuci.MajaniAdab,2,737
Sham19Y0000760,0619AbuCabbasSharishi.SharhMaqamatHariri,1,120
Sham19Y0001734,0739CalaDinIbnBalban.Ihsan,129,27881
Sham19Y0005414,1346LuisShikhuYasuci.Nasraniyya,1,160
Sham19Y0005725,0476IbnAbiSaqrAnbari.Mashyakha,2,276
Sham19Y0006538,1051IbnYunusBuhutiHanbali.MinahShafiyat,1,147
Sham19Y0006684,0474IbnKhalafBaji.MuntaqaSharhMuwatta,13,3241
Sham19Y0007233,0783IbnHadida.MisbahMudi,3,542
Sham19Y0009382,0799IbnShaykha.ShicarAbrar,2,609
Sham19Y0009763,1349MuhammadCabdCazizKhawli.AdabNabawi,2,395
Sham19Y0009800,1394MuhammadAbuZuhra.KhatimNabiyyin,2,417
Sham19Y0011194,0600CabdGhaniMaqdisi.CumdatAhkam,9,1748
Sham19Y0011326,1317KhayrDinAlusi.FathAllahHamid,6,1949
Sham19Y0011402,0264AbuZurcaRazi.CilalWaSualat,1,55
Sham19Y0013223,0656IbnCabdQawiMundhiri.TarghibWaTarhib,62,14850
Sham19Y0013231,0468IbnAhmadWahidiNaysaburi.TafsirBasit,9,1867
Sham19Y0013235,0379Zubaydi.TabaqatNahwiyyinWaLughawiyyin,1,134
Sham19Y0013241,0606IbnAthirMajdDin.Shafi,21,3699
Sham19Y0013246,0458AbuYaclaIbnFarra.MasailFiqhiyya,1,149
Sham19Y0013252,0804IbnMulaqqin.Tawdih,226,52808
Sham19Y0013253,0536IbnCaliMazariTamimi.MuclimBiFawaidMuslim,4,693
Sham19Y0013301,0643IbnYacish.SharhMufassal,1,144
Sham19Y0013572,0560WazirIbnHubayraShaybani.Ifsah,55,13106
Sham19Y0013577,0623AbuQasimRafici.SharhKabir,2,345
Sham19Y0013605,0786ShamsDinKirmani.Kawakib,101,22076
Sham19Y0013609,0209AbuCubayda.SharhNaqaidJarir,1,334
Sham19Y0013614,0685NasirDinBaydawi.TuhfatAbrar,15,2762
Sham19Y0013631,0986IbnCaliFattani.MajmacBihar,1,94
Sham19Y0013637,0776JamalDinSurramarri.NahjRashad,1,173
Sham19Y0013666,0651Bunasi.KanzKuttab,3,481
Sham19Y0013667,0855BadrDinCayni.NukhabAfkar,179,36363
Sham19Y0013769,0804IbnMulaqqin.IclamBiFawaid,6,1072
Sham19Y0013783,0808MuhammadDamiri.NajmWahhaj,3,600
Sham19Y0013785,1240CuthmanIbnJamic.FawaidMuntakhabat,5,879
Sham19Y0013900,0388AbuSulaymanKhattabi.BayanIcjazQuran,1,185
Sham19Y0014032,0732IbnCumarBurhanDinJacbari.RusukhAhbar,5,780
Sham19Y0014045,0880IbnAhmadShamsDinAsyuti.IthafAkhissa,4,2073
Sham19Y0014075,0723IbnFuwati.MajmacAdab,5,663
Sham19Y0014119,0510IbnMascudBaghawi.MasabihSunna,30,5686
Sham19Y0014176,0438IbnYusufJuwayni.JamcWaFarq,2,353
Sham19Y0014207,0620IbnQudamaMaqdisi.CumdatHazim,2,538
Sham19Y0014224,0724IbnCattar.CuddaFiSharhCumda,3,629
Sham19Y0014255,0328AbuBakrIbnAnbari.IdahWaqfWaIbtida,2,423
Sham19Y0014275,0337IbnIshaqZajjaji.IshtiqaqAsmaAllah,2,584
Sham19Y0014285,0189MuhammadShaybani.Asl,2,463
Sham19Y0014309,1182IbnIsmacilSancani.Tahbir,31,5254
Sham19Y0014310,0520IbnRushdJadd.Masail,2,337
Sham19Y0014313,0899Rajraji.RafcNiqab,1,171
Sham19Y0014325,0710IbnRifca.Kifaya,9,1672
Sham19Y0014328,1348MuhammadSulaymanMansurpuri.RahmatCalamin,7,1887
Sham19Y0014404,0928MujirDinCulaymi.FathRahman,3,448
Sham19Y0014442,0767KhalilIbnIshaq.Tawdih,2,377
Sham19Y0014443,0347IbnDurustawayh.TashihFasih,1,91
Sham19Y0014452,0794BadrDinZarkashi.IclamSajid,2,485
Sham19Y0014462,0463IbnCabdBarr.TaqassiHadithFiMuwatta,7,2127
Sham19Y0014538,0319AbuQasimKacbi.QubulAkhbar,3,400
Sham19Y0014579,1377MuhammadKhidrHusayn.AcmalKamila,4,1133
Sham19Y0014591,0478AbuHasanLakhmi.Tabsira,1,284
Sham19Y0014592,1061NajmDinGhazzi.HusnTanabbuh,30,5352
Sham19Y0014601,1346KhalilAhmadSaharanpuri.BadhlMajhud,41,7919
Sham19Y0014608,0397IbnQassar.CuyunAdilla,1,116
Sham19Y0014827,0825IbnNurDin.TaysirBayan,5,1119
Sham19Y0016421,0501IbnMakkiSiqilli.TathqifLisan,1,78
Sham19Y0016494,0625IbnCabdHaqqYafurani.Iqtidab,1,134
Sham19Y0016545,0231AbuNasrBahili.SharhDiwanDhiRumma,1,110
Sham19Y0016546,0370IbnCaliJassas.SharhMukhtasarTahawi,7,922
Sham19Y0016555,0774IbnKathir.MusnadCumarIbnKhattab,27,6129
Sham19Y0016584,0893IbnIsmacilShihabDinKurani.KawtharJari,93,21910
Sham19Y0016599,0734IbnSayyidNas.NafhShadhi,8,1559
Sham19Y0016618,1188ShamsDinSaffarini.LawaihAnwar,2,253
Sham19Y0016636,0642IbnMawaq.BughyatNuqqad,3,440
Sham19Y0016684,0827BadrDinDamaminiMakhzumi.MasabihJamic,46,12385
Sham19Y0016714,0855BadrDinCayni.MaqasidNahwiyya,3,644
Sham19Y0016759,0450AbuHasanMawardi.AmthalWaHikam,4,609
Sham19Y0016772,1088IbnAhmadKhalwati.HashiyaCalaMuntahaIradat,3,583
Sham19Y0016787,0413AbuMutarrifQunazici.TafsirMuwatta,2,167
Sham19Y0016817,0879IbnQutlubugha.MajmucRasail,5,840
Sham19Y0016826,0778NazirJaysh.TamhidQawacid,1,101
Sham19Y0016877,0806IbnHusaynZaynDinCiraqi.QurratCain,1,195
Sham19Y0016928,0761IbnKaykaldiCalai.MajmucRasail,1,84
Sham19Y0016934,0502CabdWahidRuyani.BahrMadhhab,18,3480
Sham19Y0016946,0388AbuSulaymanKhattabi.AclamHadith,17,4900
Sham19Y0016976,0727MuzhiriZaydani.Mafatih,34,5666
Sham19Y0016999,0705AbuMuhammadMalaqi.DurrNathir,1,134
Sham19Y0017063,0803SadrDinMunawi.KashfManahij,43,7156
Sham19Y0017077,0328AbuBakrIbnAnbari.Addad,1,148
Sham19Y0017101,1307Qannawji.Rihla,1,206
Sham19Y0017104,0633BattalRukabi.NazmMustaczab,1,195
Sham19Y0017350,0734IbnCaliTajDinFakihani.RiyadAfham,2,472
Sham19Y0017437,1188ShamsDinSaffarini.KashfLitham,14,2655
Sham19Y0017442,0628IbnQattanFasi.IhkamNaza,1,111
Sham19Y0017529,0909IbnMabrid.MacarifIncam,8,3402
Sham19Y0017533,0909IbnMabrid.IdahTuruqIstiqama,2,476
Sham19Y0017535,0909IbnMabrid.Nihaya,3,457
Sham19Y0017616,0656IbnCabdQawiMundhiri.MukhtasarSahihMuslim,46,10289
Sham19Y0017715,0749ZaynDinIbnWardi.SharhAlfiyyatIbnMalik,1,200
Sham19Y0017724,0911Suyuti.SharhShawahidMughni,10,1936
Sham19Y0017729,0581IbnKharratIshbili.AhkamSughra,25,5309
Sham19Y0017747,1119IbnMuhammadMaghribi.BadrTamam,11,1643
Sham19Y0017757,0852IbnHajarCasqalani.BulughMaram,5,735
Sham19Y0017768,0428AbuHusaynQuduri.Tajrid,6,1344
Sham19Y0017791,0854IbnMalak.SharhMasabih,29,5041
Sham19Y0017798,0751IbnQayyimJawziyya.AclamMuwaqqicin,15,2962
Sham19Y0017816,0756TaqiDinSubki.SayfMaslul,1,220
Sham19Y0017817,0561CabdQadirJilani.Ghunya,8,2427
Sham19Y0017842,0636IbnKhalfunAzdi.Muclim,1,172
Sham19Y0017878,0902Sakhawi.AjwibaMurdiyya,6,1030
Sham19Y0017879,0510CawtabiSuhari.Ibana,1,154
Sham19Y0017885,0510IbnMascudBaghawi.TahdhibFiqhShafici,4,850
Sham19Y0017903,0581IbnKharratIshbili.AhkamWusta,80,14917
Sham19Y0017916,0761JamalDinIbnHisham.TakhlisShawahid,2,281
Sham19Y0018100,0702IbnDaqiqCidQushayri.SharhIlmamBiAhadith,3,522
Sham19Y0018103,0831ShamsDinBirmawi.Lamic,97,23995
Sham19Y0018106,0926ZakariyyaAnsari.MinhatBari,100,25183
Sham19Y0018144,0316AbuCawana.Mustakhraj,151,39488
Sham19Y0018146,0673IbnBuzayza.RawdatMustabin,1,392
Sham19Y0018147,0736IbnDawadari.KanzDurar,2,390
Sham19Y0018169,0751IbnQayyimJawziyya.Furusiyya,1,86
Sham19Y0018176,0911Suyuti.Tawshih,105,27457
Sham19Y0018194,0489Waqqashi.TacliqCalaMuwatta,2,225
Sham19Y0018197,0276IbnQutaybaDinawari.IslahGhalat,3,279
Sham19Y0018259,0792SadrDinIbnAbiCizzAdhraci.Tanbih,6,1100
Sham19Y0018264,0189MuhammadShaybani.MakharijFiHiyal,1,201
Sham19Y0018272,1070MuhammadKibrit.SirajMunir,16,3072
Sham19Y0018318,0751IbnQayyimJawziyya.KalamCalaMasalatSamac,1,134
Sham19Y0018328,0728IbnTaymiyya.Istighatha,3,622
Sham19Y0018567,0403AbuCabdAllahHalimi.MinhajFiShucabIman,16,3409
Sham19Y0018569,0661Turibishti.Muyassar,2,275
Sham19Y0018607,0451IbnYunusSiqilli.JamicLiMasailMudawwana,2,595
Sham19Y0018609,0422QadiCabdWahhabThaclabi.SharhRisala,3,603
Sham19Y0018611,0852IbnHajarCasqalani.MuwafaqatKhubrKhabar,7,1246
Sham19Y0018612,0751IbnQayyimJawziyya.IghathatLahfan,2,484
Sham19Y0018632,0751IbnQayyimJawziyya.IjtimacJuyush,7,2158
Sham19Y0019188,0682CabdRahmanIbnQudama.SharhKabir,12,2296
Sham19Y0019230,0805SirajDinBulqini.TadribFiFiqhShafici,1,105
Sham19Y0020561,0804IbnMulaqqin.CujalatMuhtaj,8,1465
Sham19Y0020583,0708IbnIbrahimBaqquri.TartibFuruq,2,269
Sham19Y0020587,0728IbnTaymiyya.Iman,4,555
Sham19Y0020590,0926ZakariyyaAnsari.FathCallam,1,141
Sham19Y0020591,1138IbnCabdHadiNurDinSindi.FathWadud,57,10423
Sham19Y0020594,0776JamalDinSurramarri.KhasaisSayyidCalamin,21,7905
Sham19Y0020638,0581IbnKharratIshbili.JamcBaynSahihayn,101,24145
Sham19Y0020642,1377AhmadMuhammadShakir.JamharatMaqalat,1,114
Sham19Y0020643,1346CabdQadirBadran.Jawahir,1,142
Sham19Y0020699,0695AbuBarakatIbnMunajja.MumticFiSharhMuqnic,6,1347
Sham19Y0020761,0762MughultayIbnQilij.Inaba,2,248
Sham19Y0020762,0710IbnAydamurMustacsimi.DurrFarid,2,263
Sham19Y0020868,1450IbrahimNahhas.JamicIbnHanbalCilalHadith,1,166
Sham19Y0020878,1450KhalidRibat.JamicIbnHanbalFiqh,9,1646
Sham19Y0020879,1450KhalidRibat.JamicIbnHanbalCaqida,34,10359
Sham19Y0020881,1450KhalidRibat.JamicIbnHanbalRijal,6,1183
Sham19Y0020882,1450KhalidRibat.JamicIbnHanbalAdabWaZuhd,6,1068
Sham19Y0020891,0743SharafDinTibi.FutuhGhayb,13,2320
Sham19Y0020944,0656IbnCabdQawiMundhiri.MukhtasarSunanAbiDawud,43,8343
Sham19Y0020949,0356AbuCaliQali.MaqsurWaMamdud,1,80
Sham19Y0021505,1362AhmadHashimi.JawahirAdab,1,175
Sham19Y0021525,0643IbnSalahShahrazuri.SharhMushkilWajiz,5,859
Sham19Y0022797,0458Bayhaqi.ManaqibShafici,1,157
Sham19Y0022884,0783IbnMajidMaqdisi.Muqarrar,7,933
Sham19Y0023590,1431MuhammadSayyidTantawi.TafsirWasit,2,410
Sham19Y0023608,1371AhmadMustafaMaraghi.Tafsir,4,766
Sham19Y0023618,0873AbuZaydThacalibi.JawahirHisan,8,2013
Sham19Y0023625,1057IbnCallan.FutuhatRabbaniyya,13,1998
Sham19Y0023644,0654SibtIbnJawzi.MiratZaman,29,6077
Sham19Y0026094,0510AbuKhattabKalwadhani.Hidaya,1,245
Sham19Y0027098,0425Anonymous.FawaidIbnSaltWaAbiAhmadFaradi,1,578
Sham19Y0029560,0947BamakhramaHimyari.QiladatNahr,1,165
Sham19Y0029676,1362CabdQadirIskandarani.MajallatHaqaiq,3,406
Sham19Y0032381,0762MughultayIbnQilij.DurrManzur,3,674
Sham19Y0032476,0831ShamsDinBirmawi.FawaidSaniyya,1,193
Sham19Y0035118,1314CabdAllahNadim.MajallatUstadh,1,95
Sham19Y0035312,0740CabdQahirTabrizi.ManzumaTabriziyya,1,188
Sham19Y0035453,0814IbnNahhas.TanbihGhafilin,7,1416
Sham19Y0036110,0856IbnDawudHanbali.KanzAkbar,1,205
Sham19Y0036114,0255CabdAllahDarimi.Sunan,28,5819
Sham19Y0037370,1450AhmadFarid.MinAclamSalaf,2,334
Sham19Y0037456,0852IbnHajarCasqalani.NuzhatNazar,1,187
Sham19Y0037618,0852IbnHajarCasqalani.MatalibCaliyya,109,22458
Sham19Y0038171,1205MurtadaZabidi.TakhrijAhadithIhyaCulumDin,51,10611
Sham19Y0039268,0458Bayhaqi.MadkhalIlaCilmSunan,11,1875
Sham19Y0095660,1450MultipleAuthors.MaqalatMawqicDorar,5,807
Sham19Y0096918,1450YasirCabdRahman.MawsucatAkhlaq,5,1142
Sham19Y0122096,1182IbnIsmacilSancani.Tanwir,11,1835
Sham19Y0122187,0471CabdQahirJurjani.DarjDurar,5,853
Sham19Y0122232,0513AbuWafaIbnCaqil.WadihFiUsulFiqh,5,886
Sham19Y0122255,0974IbnHajarHaytami.AshrafWasail,11,2286
Sham19Y0122257,0743SharafDinTibi.SharhMishkat,50,10176
Sham19Y0122397,0470IbnMandaCabdRahman.Mustakhraj,6,1364
Sham19Y0122401,0543IbnCarabiIshbili.QabasFiSharhMuwatta,11,1903
Sham19Y0122406,0544QadiCiyad.IkmalMuclim,128,27468
Sham19Y0123510,0623AbuQasimRafici.SharhMusnadShafici,18,3190
Sham19Y0123581,0564CabdKhaliqIbnAsadHanafi.Mucjam,2,327
Sham19Y0123608,0852IbnHajarCasqalani.TalkhisHabir,6,1193
Sham19Y0123665,0543IbnCarabiIshbili.MasalikFiSharhMuwatta,8,1615
Sham19Y0123685,0633IbnSacidRajraji.ManahijTahsil,1,139
Sham19Y0124335,0328AbuBakrIbnAnbari.SharhQasaidSabc,3,300
Sham19Y0127656,0656AbuCabbasAnsariQurtubi.IkhtisarSahihBukhari,38,9724
Sham19Y0127657,0463IbnCabdBarr.MasailMustaghriba,1,149
Sham19Y0127660,0532IbnCabadaDani.Ima,5,960
Sham19Y0127663,0458AbuYaclaIbnFarra.TacliqKabir,9,1479
Sham19Y0127668,0902Sakhawi.Qanaca,2,379
Sham19Y0127677,0911Suyuti.JamicKabir,797,158318
Sham19Y0127698,0928MujirDinCulaymi.TarikhMuctabar,1,613
Sham19Y0127700,0797IbnCaquli.Rasf,18,3960
Sham19Y0127713,1171CuthmanKamakhi.Muhayya,12,2367
Sham19Y0127717,0883AbuBakrJuraci.SharhMukhtasarUsulFiqh,1,134
Sham19Y0131003,0909IbnMabrid.DurrNaqi,2,227
Sham19Y0131336,0458Bayhaqi.Khilafiyyat,52,10190
Sham19Y0131521,0844IbnHusaynIbnRaslanRamli.SharhSunanAbiDawud,96,18713
Sham19Y0132415,0893IbnIsmacilShihabDinKurani.DurarLawamic,4,855
Sham19Y0132416,0817MajdDinFiruzabadi.SafarSacada,1,153
Sham19Y0132524,0656AbuCabbasAnsariQurtubi.Mufhim,62,11072
Sham19Y0132618,1103IbnCabdRasulBarzanji.Ishaca,3,384
Sham19Y0132963,0852IbnHajarCasqalani.NukatCalaSahihBukhari,2,560
Sham19Y0132971,0463IbnCabdBarr.Istighna,3,422
Sham19Y0132973,1188ShamsDinSaffarini.BuhurZakhira,32,8824
Sham19Y0132974,0799IbnFarhun.IrshadSalik,3,487
Sham19Y0133357,0597IbnFarasAndalusi.AhkamQuran,5,1342
Sham19Y0133367,0543IbnCarabiIshbili.NasikhWaMansukh,3,878
Sham19Y0145166,1337CabdQadirMajlisi.NuzhatAfkar,3,693
Sham19Y0145212,1052CabdHaqqDihlawi.LumcatTanqih,59,11690
Sham19Y0145334,0845Maqrizi.Muqaffa,5,773
Sham19Y0145410,0751IbnQayyimJawziyya.BadaicFawaid,1,184
Sham19Y0145411,0751IbnQayyimJawziyya.MiftahDarSacada,11,3175
Sham19Y0145435,1411MuhammadTahirBarnaji.SahihWaDacifTarikhTabari,53,14985
Sham19Y0146127,0748Dhahabi.Muhadhdhab,196,40144
Sham19Y0147104,0756TaqiDinSubki.Ibhaj,1,159
Sham19Y0147311,1083IbnBalbanDimashqi.MukhtasarIfadat,1,117
Sham19Y0147313,0805BahramDamiri.TahbirMukhtasar,1,251
Sham19Y0147597,1393MuhammadTahirIbnCashurTunisi.JamharatMaqalat,8,1654
Sham19Y0147658,1051IbnYunusBuhutiHanbali.RawdMurbic,5,820
Sham19Y0147812,0444AbuCamrDani.TaysirFiQiraatSabc,1,463
Sham19Y0148271,0597IbnJawzi.JamicMasanid,202,46710
Sham19Y0148486,0458Bayhaqi.SunanKubra,244,52539
Sham19Y0148531,0716NajmDinTufi.DarQawlQabih,1,244
Sham19Y0148535,0284Buhturi.Hamasa,2,186
Sham19Y0149213,0748Dhahabi.TadhhibTahdhib,1,124
Sham19Y0149697,1302IbnSalimMajlisi.LawamicDurar,12,4063
Sham19Y0150600,0769IbnFarhunBadrDin.CuddaFiIcrabCumda,2,455
Sham19Y0150676,0942KhalilTatai.JawahirDurar,4,683
Sham19Y0150960,1150IbnCaqila.Ziyada,8,1705
Sham19Y0150962,1323RashidAhmadGanguhi.KawkabDurri,4,861
Sham19Y0150966,1093CabdQadirBaghdadi.SharhAbyatMughni,3,269
ShamAY0000055,1359CabdHamidIbnBadis.Tafsir,2,611
ShamAY0000351,0728IbnTaymiyya.Hisba,11,2769
ShamAY0000443,1372KurdCali.MajallatMuqtabas,1,304
ShamAY0000923,0918IbnAscadJalalDinDawwani.HujajBahira,1,118
ShamAY0001529,1342MahmudShukriAlusi.MaDallaCalayhiQuran,1,308
ShamAY0007299,1408JawadCali.MufassalFiTarikhCarab,13,2240
ShamAY0009682,1354RashidRida.Khilafa,1,229
ShamAY0031578,0606FakhrDinRazi.MafatihGhayb,3,422
ShamAY0031687,0311IbnKhuzaymaNaysaburi.Sahih,67,13736
ShamAY0031960,1420CaliTantawi.NurWaHidaya,2,478
ShamAY0032376,0972IbnMahmudAmirBadishahBukhari.TaysirTahrir,4,506
ShamAY0032379,0388AbuSulaymanKhattabi.GharibHadith,2,291
ShamAY0032443,0803IbnCarafaWarghami.MukhtasarFiqhi,2,359
ShamAY0032746,0680IbnSabuni.AhadithMuntaqatArbacun,1,178
ShamAY0032751,0379IbnMuzaffarBazzaz.Hadith,3,431
ShamAY0032753,0379IbnMuzaffarBazzaz.Fawaid,2,288
ShamAY0032761,0550IbnCamrSamani.SahaifIthnaCashar,1,305
ShamAY0032763,0396IbnJundi.Fawaid,4,679
ShamAY0032764,0550IbnBahramHarami.Fawaid,3,451
ShamAY0032765,0465IbnMuhtadi.Fawaid,1,250
ShamAY0032767,0461MuzaffarIbnHasan.Fawaid,2,305
ShamAY0032770,0745AbuHayyanGharnati.HadithShuyukhBaghdad,3,565
ShamAY0032775,0497AbuMuticMisri.Amali,1,158
ShamAY0032776,0275AbuCaliShacrani.Hadith,2,546
ShamAY0032777,0198SufyanIbnCuyayna.JuzFihiHadith,1,133
ShamAY0032779,0329AbuBakrIbnBahlul.Amali,1,152
ShamAY0032781,0408IbnIbrahimJurjani.Amali,6,1114
ShamAY0032784,0350MuhammadIbnIbrahim.Fawaid,4,499
ShamAY0032785,0350AhmadIbnKamilIbnKhalaf.Fawaid,2,480
ShamAY0032787,0454AbuMuhammadJawhari.FawaidMinHadithIbnAbiSabir,1,157
ShamAY0032789,0442AbuHasanQazwini.Amali,1,263
ShamAY0032796,0390IbnGhawri.Imla,1,314
ShamAY0032798,0533IbnTahirAbuQasimShahhami.Ahadith,1,236
ShamAY0032803,0643DiyaDinMaqdisi.MinHadithAbiDihdahWaTamimiWaShucayb,2,336
ShamAY0032804,0333IbnCuqdahKufi.Hadith,2,454
ShamAY0032810,0301IbnIdrisAnsari.HadithAbiDhawala,1,133
ShamAY0032820,0201CaliIbnCasim.Hadith,1,237
ShamAY0032826,0852IbnHajarCasqalani.GharaibMinMusannadFirdaws,4,761
ShamAY0032834,0569IbnKulaybHarrani.Mashyakha,1,202
ShamAY0032838,0729AbuNunDabusi.Mucjam,2,356
ShamAY0032840,0354IbnCabdAllahBazzaz.Hadith,2,344
ShamAY0032843,0514HibatAllahSajzi.MuntakhabMinSabciyyat,1,104
ShamAY0032849,0525AbuQasimIbnHusayn.Amali,1,246
ShamAY0032850,0318IbnMuhammadHashimi.HadithIbnMascud,1,196
ShamAY0032851,0281AbuCamrHilalRaqqi.HadithZaydIbnAbiAnisa,1,193
ShamAY0032854,0690IbnBukhari.AsnaMaqasid,1,286
ShamAY0032855,0936IbnAhmadShammacHalabi.Thabt,14,3129
ShamAY0032859,0852AbuNucaymMustamli.ArabacinMutabayina,1,165
ShamAY0032864,0690IbnBukhari.Mashyakha,3,572
ShamAY0032865,0633IbnIbrahimIrbili.Mashyakha,1,192
ShamAY0032869,0460AbuHasanHanifiZahid.Hadith,1,117
ShamAY0032870,0487AbuQasimMasisi.HadithSabuni,1,120
ShamAY0032875,0240AbuHafsIbnZuraraTarsusi.Nuskha,2,274
ShamAY0032885,0454AbuMuhammadJawhari.Amali,1,164
ShamAY0032886,0643DiyaDinMaqdisi.AhadithMusalsalat,1,172
ShamAY0032891,0348IbnSalmanNajjad.Hadith,2,604
ShamAY0032901,0441BishrawayhMacqili.Hadith,3,569
ShamAY0032903,0643DiyaDinMaqdisi.CawaliAsanid,1,167
ShamAY0032904,0324IbnMuhammadNaysaburi.Fawaid,5,2252
ShamAY0032912,0458AbuYaclaIbnFarra.FawaidSihah,2,389
ShamAY0032916,0535QawwamSunna.Amali,1,553
ShamAY0032918,0720IbnNashwDimashqi.CawaliWaFawaid,1,118
ShamAY0032919,0376AbuCamrHiri.Fawaid,1,152
ShamAY0032921,0389Makhladi.Fawaid,15,4006
ShamAY0032922,0643DiyaDinMaqdisi.JuzMuntakaMinHadithMakki,2,447
ShamAY0032925,0414AbuZakariyaMuzakki.Fawaid,1,184
ShamAY0032927,0419IbnCaliHamadani.Amali,1,202
ShamAY0032929,0360AbuBakrAjurri.FawaidMuntakhaba,1,167
ShamAY0032931,0386IbnCumarHarbi.Hadith,6,2770
ShamAY0032939,0414AbuSacidNaqqash.Farq,3,686
ShamAY0032940,0265CaliIbnHarbTai.Juz,1,130
ShamAY0032946,0488AbuFadlIbnKhayrun.FawaidCawali,1,221
ShamAY0032959,0465IbnMuhtadi.Mashyakha,2,488
ShamAY0032964,0590AbuKhayrQazwini.HidyatDhawiAlbab,1,122
ShamAY0032970,0508NasibAbuQasim.Fawaid,3,431
ShamAY0033053,0852IbnHajarCasqalani.MukhtasarZawaidMusnadBazzar,28,9351
ShamAY0033075,0879IbnQutlubugha.TakhrijAhadith,3,664
ShamAY0033108,0360Tabarani.Tafsir,5,1210
ShamAY0033176,0592QadiKhanFarghani.Fatawa,1,136
ShamAY0033177,1304CabdHayyLaknawi.Sicaya,4,795
ShamAY0033181,1014MullaCaliQari.FathBabCinaya,16,2818
ShamAY0033182,1304CabdHayyLaknawi.CumdatRicaya,1,241
ShamAY0033522,0911Suyuti.TanwirHawalik,10,2694
ShamAY0033523,0751IbnQayyimJawziyya.HashiyaCalaSunanAbiDawud,13,2962
ShamAY0033531,1329MuhammadAshrafCazimabadi.CawmMacbud,13,2818
ShamAY0033538,0734IbnSayyidNas.AhadithCawal,1,139
ShamAY0033546,0842IbnNasirDinDimashqi.Ithaf,1,169
ShamAY0033549,0549CabdKhaliqShahhami.Arbacun,1,127
ShamAY0033551,0489IbnFadlIsbahani.Arbacin,6,1377
ShamAY0033555,1175MuhammadSacidSunbul.Awail,1,137
ShamAY0033561,0953IbnTulun.TibbNabawi,3,627
ShamAY0033562BK1,0748Dhahabi.TibbNabawi,1,243
ShamAY0033562BK2,0748Dhahabi.FaslFiSamac,1,243
ShamAY0033568,0953IbnTulun.TablighBushra,1,148
ShamAY0033569,0724IbnCattar.Tusaciyat,3,442
ShamAY0033576,0414HilalHaffar.Juz,1,330
ShamAY0033582,0563IbnCaliTamidhi.Juz,2,282
ShamAY0033583,0576AbuTahirSilafi.FawaidHisan,3,704
ShamAY0033585,0765AbuMahasinHusayni.Ilmam,1,182
ShamAY0033590,0806IbnHusaynZaynDinCiraqi.Mahajja,2,462
ShamAY0033595,0698IbnFaraGhassani.NuzhatAbsar,1,204
ShamAY0033596,0238IbnHabibQurtubi.WasfFirdaws,4,910
ShamAY0033597,0375AbuHafsZayyat.Juz,2,338
ShamAY0033598,0761IbnKaykaldiCalai.ArbacinMughniyya,9,1489
ShamAY0033603,0405HakimNaysaburi.FadailFatima,1,327
ShamAY0033605,0150IbnJurayj.Juz,1,149
ShamAY0033620,0357IbnMuhammadKinani.JuzBitaqa,2,613
ShamAY0033626,0544MuhammadNumayri.Iclam,21,5197
ShamAY0033627,0578IbnBashkuwal.QurbaBiSalatCalaNabi,4,1105
ShamAY0033629,0391IbnJarrahWazir.Hadith,3,600
ShamAY0033630,0311IbnBajirBajiri.FadailQuran,3,977
ShamAY0033632,0492IbnMurajjaMaqdisi.FadailBaytMaqdis,1,366
ShamAY0033638,0239IbnGhawri.Majlis,1,395
ShamAY0033640,0412Sulami.Majlis,1,287
ShamAY0033671,0294IbnHarunBazzaz.Fawaid,3,489
ShamAY0033674,0832TaqiFasi.ArbacunHadithan,2,518
ShamAY0033680,0330IbnIsmacilMahamili.Duca,5,1246
ShamAY0033698,0277MuhammadHunayni.MusnadAnasIbnMalik,2,360
ShamAY0033705,0735IbnTarkhan.Mashyakha,3,637
ShamAY0033706,0238IbnHabibQurtubi.Riba,3,590
ShamAY0033707,0347IbnHazlam.Juz,1,249
ShamAY0033728,0909IbnMabrid.AdabDuca,2,289
ShamAY0033729,0671AbuCabdAllahQurtubi.TadhkarFiAfdalAdhkar,3,1312
ShamAY0033733,0909IbnMabrid.MaraqiJinan,2,668
ShamAY0033760,0671AbuCabdAllahQurtubi.TadhkiraFiAhwalMawta,26,5849
ShamAY0033761,0795IbnRajabHanbali.AhwalQubur,16,3535
ShamAY0033783,0449AbuCalaMacarri.RisalatGhufran,1,73
ShamAY0033872,0909IbnMabrid.MasalaFiTawhid,1,204
ShamAY0033885,0507IbnQaysarani.HujjaCalaTarikMahajja,2,349
ShamAY0033886,0481AnsariHarawi.DhammKalam,2,327
ShamAY0033910,0911Suyuti.SharhSunanNasai,104,24200
ShamAY0033926,0807NurDinHaythami.BughyatBahith,7,1451
ShamAY0033942,0335IbnAbiCawamm.FadailAbiHanifa,1,278
ShamAY0033943,0522IbnKhusrawBalkhi.MusnadAbiHanifa,1,150
ShamAY0033944,0340AbuMuhammadHarithi.MusnadAbiHanifa,2,259
ShamAY0033945,0405HakimNaysaburi.Mustadrak,118,25925
ShamAY0033949,0327AbuBakrKharaiti.MakarimAkhlaq,11,1973
ShamAY0033956,0463IbnCabdBarr.JamicBayan,4,897
ShamAY0033973,0249CabdIbnHamid.MuntakhabMinMusnad,30,6242
ShamAY0033974,0311IbnKhuzaymaNaysaburi.Tawhid,19,5427
ShamAY0033975,0702IbnDaqiqCidQushayri.IlmamBiAhadith,14,2849
ShamAY0034002,0385IbnShahin.TarghibFiFadailAcmal,3,669
ShamAY0034005,0517AbuNucaymHaddadIsbahani.JamicSahihayn,96,23011
ShamAY0034011,0795IbnRajabHanbali.SharhCilalTirmidhi,1,178
ShamAY0034014,0405HakimNaysaburi.MadkhalIlaSahih,1,299
ShamAY0034015,0826IbnCiraqi.Mustafad,1,118
ShamAY0034018,1140IbnMayyitDimyati.SafwatMulah,1,69
ShamAY0034041,0405HakimNaysaburi.MacrifatCulumHadith,4,996
ShamAY0034043,0204Shafici.IkhtilafHadith,1,298
ShamAY0034048,0606FakhrDinRazi.MinAsrarTanzil,1,191
ShamAY0034050,0204Shafici.TafsirShafici,1,213
ShamAY0034052,0538JarAllahZamakhshari.Kashshaf,2,249
ShamAY0034054,1281IbnMuhammadShawkani.TafsirFathQadir,12,2794
ShamAY0034059,1127IsmacilHaqqiBurusawi.RuhBayan,14,2630
ShamAY0034066,0429AbuMansurThacalibi.Jawahir,5,1004
ShamAY0034068,0977KhatibShirbini.SirajMunir,12,2555
ShamAY0034073,0885BurhanDinBiqaci.NazmDurar,5,1502
ShamAY0034080,0619IbnCabdWahidGhafiqi.LamahatAnwar,5,1030
ShamAY0034123,0320HakimTirmidhi.NawadirUsul,8,1449
ShamAY0034128,0840ShihabDinBusiri.MisbahZujaja,19,4555
ShamAY0034134,0852IbnHajarCasqalani.NataijAfkar,13,2746
ShamAY0034138,0597IbnJawzi.Mawducat,4,588
ShamAY0034139,0817MajdDinFiruzabadi.RisalaFiBayan,1,123
ShamAY0034172,0507IbnQaysarani.AtrafGharaib,3,278
ShamAY0034182,0456IbnHazm.IhkamFiUsulAhkam,3,569
ShamAY0034204BK1,0970IbnIbrahimIbnNujaymMisri.BahrRaiq,3,504
ShamAY0034204BK2,1138IbnHusaynQadiriTawari.TakmilatBahrRaiq,1,146
ShamAY0034206,0483IbnAhmadSarakhsi.Mabsut,1,264
ShamAY0034227,0954HattabRucayniMaghribi.MawahibJalil,1,464
ShamAY0034249,0450AbuHasanMawardi.HawiKabir,13,2250
ShamAY0034256,0280IbnIsmacilKirmani.MasailHarb,2,600
ShamAY0034263,0624IbnIbrahimBahaDinMaqdisi.CuddaSharhCumda,1,206
ShamAY0034273,0275AbuDawudSijistani.MasailImamAhmad,1,159
ShamAY0034274,1176ShahWaliAllahDihlawi.HujjatAllahBaligha,2,229
ShamAY0034282,0319IbnMundhirNaysaburi.AwsatFiSunan,43,9891
ShamAY0034284,0287IbnAbiCasim.Diyat,3,519
ShamAY0034288,0909IbnMabrid.Ightirab,2,415
ShamAY0034293,1103IbnCabdRasulBarzanji.Sanan,2,249
ShamAY0034314,0840ShihabDinBusiri.Hijama,4,725
ShamAY0034350,0974IbnHajarHaytami.FatawaHadithiyya,4,716
ShamAY0034371,0728IbnTaymiyya.MajmucatRasailWaMasail,1,99
ShamAY0034378,0728IbnTaymiyya.RisalaQubrusiyya,1,119
ShamAY0034383,0728IbnTaymiyya.RafcMalam,10,2621
ShamAY0034423,0751IbnQayyimJawziyya.TuhfatMawdud,4,811
ShamAY0034434,0535QawwamSunna.MabcathWaMaghazi,12,4469
ShamAY0034438,0432Mustaghfiri.DalailNubuwwa,7,2208
ShamAY0034441,1206IbnCabdWahhab.MukhtasarSira,2,175
ShamAY0034443,1345IbnCafifiKhudari.NurYaqin,3,807
ShamAY0034447,0842IbnNasirDinDimashqi.JamicAthar,49,10199
ShamAY0034569,0637IbnDubaythi.DhaylTarikhBaghdad,3,367
ShamAY0034585,0378HakimKabir.AsamiWaKuna,12,2523
ShamAY0034634,0911Suyuti.ThughurBasima,1,267
ShamAY0034640,0740JunaydShirazi.ShaddIzar,1,109
ShamAY0034644,0537IbnMuhammadNajmDinNasafi.Qand,2,317
ShamAY0034667,0584IbnMusaHazimi.FaysalFiMushtabihNisba,1,498
ShamAY0034809,1450MuhammadKhalafSalama.BulughArab,6,1180
ShamAY0034810,0733IbnJamacaBadrDinHamawi.TadhkiratSamic,1,222
ShamAY0034815,0911Suyuti.BudurSafira,3,558
ShamAY0034816,0179MalikIbnAnas.RisalaIlaHarun,2,379
ShamAY0035003,0746CalaDinMaqdisi.Lubab,1,193
ShamAY0035035,1205MurtadaZabidi.IthafSada,51,12002
ShamAY0035220,0327IbnAbiHatimRazi.CilalHadith,14,2367
ShamAY0035222,0265SacdanIbnNasr.MuntaqaMinHadithSacdan,1,124
ShamAY0035238,0842IbnNasirDinDimashqi.LafzMukarram,2,360
ShamAY0035249,0303Nasai.CishratNisa,10,1887
ShamAY0035250,0695IbnAbiJamra.MukhtasarSahihBukhari,5,1850
ShamAY0035260,0795IbnRajabHanbali.Tawhid,1,471
ShamAY0035288,0728IbnTaymiyya.Imama,2,573
ShamAY0035743,1100YahyaIbnHusaynZaydi.SawarimYaqin,1,85
ShamAY0035791,1450CaliIbnNayifShuhud.MuyassarFiHaya,2,269
ShamAY0035884,0230IbnSacd.TabaqatKubra,59,12163
ShamAY0035950,0911Suyuti.Shafi,8,1707
ShamAY0035955,1317KhayrDinAlusi.FajrSatic,1,58
ShamAY0035960,0751IbnQayyimJawziyya.TahdhibSunanAbiDawud,12,2725
ShamAY0035990,0801CabdLatifIbnMalak.MabariqAzhar,5,992
ShamAY0036009,1304CabdHayyLaknawi.QawlJazim,1,178
ShamAY0036018,1304CabdHayyLaknawi.TadhkiratRashid,1,259
ShamAY0036021,1304CabdHayyLaknawi.RafcSatr,1,142
ShamAY0036031,0505Ghazali.JanibCatifi,1,179
ShamAY0036053,0911Suyuti.CurfWardi,1,122
ShamAY0036182,1014MullaCaliQari.Rasail,3,436
ShamAY0036508,0794BadrDinZarkashi.GhurarSafir,1,200
ShamAY0036736,0468IbnAhmadWahidiNaysaburi.AsbabNuzul,6,1294
ShamAY0036737,0330IbnCuzayrSijistani.Ishtiqaq,1,83
ShamAY0036795,0500AhmadAndarabi.IdahFiQiraat,2,592
ShamAY0037109,1209SulaymanBakShawi.SakabAdab,1,273
ShamAY0037293,1245CabdAllahIbnFudi.ManzumatMisbahRawi,1,152
ShamAY0037386,0911Suyuti.IsraWaMicraj,16,8685
ShamAY0037747,0774IbnMuhammadShamsDinIbnMawsili.MukhtasarSawaciqMursala,2,320
ShamAY0037912,0054HassanIbnThabit.Diwan,1,374
ShamAY0038063,0576AbuTahirSilafi.Hadith,5,1781
ShamAY0038067,0227IbnMansurKhurasani.Sunan,16,3118
ShamAY0038083,0430AbuNucaymIsbahani.MustakhrajCalaSahihBukhari,8,1602
ShamAY0038086,0758NajmDinTarsusi.AhadithMuwafaqat,3,690
ShamAY0038116,0354IbnHibbanBusti.Salat,7,1590
ShamAY0038135,0507IbnQaysarani.AhadithMia,1,252
ShamAY0038139,0360Tabarani.MakarimAkhlaq,2,312
ShamAY0038144,0500IbnAhmadSarrajBaghdadi.Fawaid,1,314
ShamAY0038153,0410IbnMardawayh.Majalis,1,255
ShamAY0038154,0330IbnIsmacilMahamili.SalatCidayn,1,185
ShamAY0038157,0281IbnAbiDunya.Khumul,3,638
ShamAY0038174,0281IbnAbiDunya.DhammDunya,5,826
ShamAY0038324,0751IbnQayyimJawziyya.JalaAfham,7,1735
ShamAY0038329,0751IbnQayyimJawziyya.KafiyaShafiya,4,695
ShamAY0038389,0751IbnQayyimJawziyya.CuddatSabirin,4,728
ShamAY0038390,0751IbnQayyimJawziyya.RafcYadaynFiSalat,2,314
ShamAY0038394,0751IbnQayyimJawziyya.RuhFiKalam,28,8138
ShamAY0038405,0817MajdDinFiruzabadi.Maghanim,1,140
ShamAY0038409,0990QutbDinNahrawani.TarikhMadina,1,153
ShamAY0038516,0751IbnQayyimJawziyya.DaWaDawa,9,3513
ShamAY0038630,1419MahmudTanahi.MaqalatTanahi,1,352
ShamAY0038636,0290IbnCaliKhuyutiAbbar.JuzMinHadithZuhri,1,203
ShamAY0038637,0507AbuBakrShashi.ShamailNubuwwa,13,2634
ShamAY0038638,0311IbnBajirBajiri.JamicMusnad,16,3474
ShamAY0038640,0458AbuYaclaIbnFarra.CuddaFiUsulFiqh,2,299
ShamIbadiyya0000074,1200CabdAllahIbnBashirHadrami.KawkabDurri,2,279
ShamIbadiyya0000100,0570AbuYacqubWarjalani.CadlWaInsaf,1,170
ShamIbadiyya0000109,1332QutbAtfayyish.SharhNilWaShifaCalil,5,745
ShamIbadiyya0000155,0170RabicIbnHabibAzdi.JamicSahih,2,608
ShamIbadiyya0000185,1090KhamisShiqsi.MinhajTalibin,7,3214
ShamIbadiyya0000193,1332QutbAtfayyish.Tafsir,2,296
ShamIbadiyya0000219,0792AbuSakinCamirShammakhi.Idah,1,255
ShamIbadiyya0000229,1332NurDinSalimi.MacarijAmal,17,4299
ShamIbadiyya0000279,1361SacidIbnNasirGhaythi.IdahTawhid,6,2819
ShamIbadiyya0000391,1332NurDinSalimi.BadhlMajhud,1,215
ShamIbadiyya0000433,1332NurDinSalimi.SharhJamicSahih,4,1202
ShamIbadiyya0000438,1088AbuSitta.HashiyatTartib,9,1481
ShamIbadiyya0000603,0321IbnDuraydAzdi.Ishtiqaq,1,87
ShamIbadiyya0000612,0321IbnDuraydAzdi.TacliqMinAmali,1,243
ShamIbadiyya0000730,0570AbuCammarCabdKafiIbadi.Mujaz,2,275
ShamIbadiyya0000760,0510CawtabiSuhari.Diya,1,152
ShamIbadiyya0000773,1223DiyaDinThamini.TajManzur,2,758
ShamIbadiyya0000824,1390HamadSulaymi.HidayatMubassirin,2,469
ShamIbadiyya0000882,0321IbnDuraydAzdi.Malahin,1,71
ShamIbadiyya0000942,1364CamirIbnKHamisMaliki.GhayatMatlub,3,586
Shamela0000041,0510IbnMascudBaghawi.Tafsir,41,8756
Shamela0000101,0233YahyaIbnMacin.MacrifatRijal,3,494
Shamela0000107,1420IbnBaz.FatawaNurCalaDarb,6,661
Shamela0000137,0795IbnRajabHanbali.FathBariFiSharhSahihBukhari,36,7492
Shamela0000140,1057IbnCallan.DalilFalihin,5,829
Shamela0000170,0728IbnTaymiyya.JawabSahih,2,420
Shamela0000216,0751IbnQayyimJawziyya.WabilSayyib,4,836
Shamela0000244,0597IbnJawzi.BirrWalidayn,1,148
Shamela0000262,0224QasimIbnSallam.Tuhur,2,462
Shamela0000347,0852IbnHajarCasqalani.TaghliqTacliq,11,1576
Shamela0000412,1069IbnCammarShurunbulali.MaraqiFalahSharhNurIdah,1,157
Shamela0000427BK2,0855BadrDinCayni.BinayaSharhHidaya,15,2375
Shamela0000432,1450DarIftaMisriyya.FatawaDarIfta,15,2726
Shamela0000483,0987ZaynDinMalibari.IsticdadLiMawt,4,643
Shamela0000551,1122MuhammadZurqani.SharhCalaMuwatta,25,5432
Shamela0000558,0463IbnCabdBarr.BahjatMajalis,3,521
Shamela0000638,0235IbnAbiShayba.Adab,11,2256
Shamela0000700,0279Tirmidhi.MukhtasarShamailMuhammadiyya,8,1748
Shamela0000722,0421IbnMuhammadMarzuqi.AmaliMarzuqi,1,81
Shamela0000727,0468IbnMuhammadMihrawani.Fawaid,3,812
Shamela0000736,0463KhatibBaghdadi.TarikhBaghdad,34,5877
Shamela0000738,0297IbnDawudZahiri.Zahra,2,343
Shamela0000740,0542IbnCaliDiyaDinIbnShajari.MukhtaratShucara,2,271
Shamela0000752,0431IbnMuhammadZuzani.HamasatZurafa,1,89
Shamela0000761,0650IbnMuhammadRadiDinSaghani.CubabZakhir,3,385
Shamela0000765,0450AbuHasanMawardi.AdabDunyaWaDin,2,416
Shamela0000767,0456IbnHazm.MuhallaBiAthar,42,8689
Shamela0000772,0354IbnCabdAllahBazzaz.Fawaid,6,1228
Shamela0000782,1420MuhammadNasirDinAlbani.SahihWaDacifSunanTirmidhi,52,10594
Shamela0000894,1450MawqicIslam.Fatawa,81,10903
Shamela0000927,0728IbnTaymiyya.MinhajSunna,2,573
Shamela0000956,0256Bukhari.TarikhKabir,21,3539
Shamela0000963,1310BakriDimyati.HashiyaIcanaTalibin,1,138
Shamela0000976,0911Suyuti.LumacFiAsbabHadith,11,2924
Shamela0001000,0681IbnKhallikan.WafayatAcyan,1,175
Shamela0001001,0694MuhibbDinTabari.Dhakhair,2,628
Shamela0001003,0764IbnShakirKutubi.FawatWafayat,1,199
Shamela0001031,0476AbuIshaqShirazi.TabaqatFuqaha,1,100
Shamela0001077,0311AbuBakrKhallal.Sunna,9,2798
Shamela0001332,0189MuhammadShaybani.Athar,1,105
Shamela0001341,0256Bukhari.SahihAdabMufrad,8,1286
Shamela0001388,0708IbnIbrahimAbuJacfarGharnati.Burhan,2,731
Shamela0001391,0902Sakhawi.QawlBadic,5,1245
Shamela0001404,0885BurhanDinBiqaci.MasacidNazar,5,1405
Shamela0001417,0911Suyuti.MuctarakAqran,4,674
Shamela0001438,1450DarIftaMisriyya.JamicAhadith,429,85231
Shamela0001441,0600CabdGhaniMaqdisi.AkhbarDajjal,5,1736
Shamela0001442,0388AbuSulaymanKhattabi.MacalimSunan,24,4890
Shamela0001449,0620IbnCisaAzdiQurtubi.InjadFiAbwabJihad,4,868
Shamela0001453,0430CabdMalikIbnBishranUmawi.Amali,13,2881
Shamela0001456,0204AbuDawudTayalisi.Musnad,35,7069
Shamela0001458,0374IbnHusaynAzdi.Makhzun,2,544
Shamela0001467,1206IbnCabdWahhab.Kabair,3,671
Shamela0001483,0662RashidAttar.MujradAsma,1,204
Shamela0001487,0170AbuZaydQurashi.JamharatAshcarCarab,1,99
Shamela0001500,0902Sakhawi.SirrMaktum,4,729
Shamela0001515,1290RifacaTahtawi.NihayatIjaz,9,3111
Shamela0001578,0507IbnQaysarani.TadhkiratHuffaz,2,204
Shamela0001585,0520IbnWalidTurtushi.SirajMuluk,3,582
Shamela0001599,0597IbnJawzi.FadailQuds,2,357
Shamela0001665,0702IbnDaqiqCidQushayri.IhkamAhkamSharhCumdatAhkam,2,445
Shamela0001673,0852IbnHajarCasqalani.FathBari,45,6841
Shamela0001685,1206IbnCabdWahhab.MukhtasarInsaf,1,158
Shamela0001687,0711IbnManzurIfriqi.LisanCarab,9,1166
Shamela0001717,0684ShihabDinQarafi.Dhakhira,2,234
Shamela0001719,0463IbnCabdBarr.TamhidMuwatta,103,23371
Shamela0001727,0261Muslim.Sahih,128,32593
Shamela0001733,0360Tabarani.MucjamKabir,222,53855
Shamela0001875,0643DiyaDinMaqdisi.SunanWaAhkamCanMustafa,89,18879
Shamela0001893,0852IbnHajarCasqalani.TacjilManfaca,1,95
Shamela0001975,0911Suyuti.FathKabir,38,8289
Shamela0002102,0852IbnHajarCasqalani.CujabFiBayanAsbab,10,1787
Shamela0002170,0327IbnAbiHatimRazi.JarhWaTacdil,2,314
Shamela0002247,0911Suyuti.LubabNuqul,3,601
Shamela0002300,1421MuhammadCuthaymin.FatawaNurCalaDarb,4,638
Shamela0002331,0241IbnHanbal.CilalWaMacrifa,8,1714
Shamela0002449,0382IbnCabdAllahCaskari.TashifatMuhaddithin,1,98
Shamela0002569,1014MullaCaliQari.JamcWasail,3,324
Shamela0002671,1255Shawkani.FawaidMajmuca,2,270
Shamela0002863,0458Bayhaqi.MacrifatSunanWaAthar,49,9805
Shamela0002864,0728IbnTaymiyya.BayanTalbisJahmiyya,12,3246
Shamela0003055,1450CulamaNajd.DurarSaniyya,4,1072
Shamela0003118,0711IbnManzurIfriqi.MukhtasarTarikhDimashq,139,34148
Shamela0003128,0643DiyaDinMaqdisi.ZiyadatCalaKabair,1,166
Shamela0003485,1307Qannawji.HusnUswa,3,576
Shamela0003722,0742Mizzi.TahdhibKamal,79,14491
Shamela0003981,0611IbnMufaddalMuqaddasi.JuzFihiTuruqCabdRahman,2,348
Shamela0004003,0410IbnCumarDimashqi.Fawaid,1,151
Shamela0004289,0581IbnKharratIshbili.AhkamSharciyya,134,33557
Shamela0004445,0774IbnKathir.Bidaya,81,19627
Shamela0004473,1450JamicaIslamiyya.MajallaJIMN,42,7740
Shamela0004482,1430IbnJibrin.Fatawa,3,580
Shamela0004864,0911Suyuti.MiftahJanna,2,376
Shamela0005064,0676Nawawi.IjazFiSharhSunanAbiDawud,4,662
Shamela0005372,0388IbnHasanHatimi.HilyatMuhadara,1,97
Shamela0005406,0829IbnCasimGharnati.HadaiqAzahir,1,168
Shamela0005416,0584IbnMunqidhShayzari.ManazilWaDiyar,1,144
Shamela0005428,0463KhatibBaghdadi.Tatfil,3,390
Shamela0005449,0476AclamShantamari.AshcarShucara,1,164
Shamela0005507,0303Nasai.FadailQuran,2,513
Shamela0005539,0854IbnDiyaMakki.TarikhMakka,1,153
Shamela0005583,0312IbnCaliTusi.MukhtasarAhkam,4,969
Shamela0005610,0151MacmarIbnRashid.Jamic,10,1859
Shamela0005668,0477BibiHarawiyya.Juz,1,144
Shamela0005702,0852IbnHajarCasqalani.AmaliMutlaqa,3,626
Shamela0005719,0852IbnHajarCasqalani.ImtacBiArbacin,1,124
Shamela0005724,0739Birzali.Mashyakha,1,207
Shamela0005733,0317AbuQasimBaghawi.HadithMuscab,2,523
Shamela0005737,0339AbuJacfarIbnBukhturi.MajmucMusannafat,13,2985
Shamela0005744,0318AbuCarubaHarrani.Awail,2,379
Shamela0005748,0597IbnJawzi.TanwirGhabash,2,398
Shamela0005756,0855BadrDinCayni.CumdatQari,161,35171
Shamela0005772,0683IbnMunayyir.Mutawari,1,111
Shamela0005798,0475IbnMakula.TahdhibMustamirr,1,211
Shamela0005803,0578IbnBashkuwal.GhawamidAsma,3,716
Shamela0005815,0463KhatibBaghdadi.AsmaMubhama,17,4015
Shamela0005816,0354IbnHibbanBusti.Thiqat,7,1155
Shamela0005848,0845Maqrizi.MukhtasarKamil,2,369
Shamela0005858BK2,1191Kawkabani.IthafKhassa,1,187
Shamela0005899,0406IbnFurakIsbahani.MushkilHadith,1,119
Shamela0005922,0804IbnMulaqqin.BadrMunir,40,7344
Shamela0005923,0628IbnQattanFasi.BayanWahm,12,2215
Shamela0005968,0702IbnDaqiqCidQushayri.Iqtirah,1,172
Shamela0005975,0879IbnSulaymanMuhyiDinKafiji.MukhtasarFiCilmAthar,1,122
Shamela0006003,0463KhatibBaghdadi.TaliTalkhisMutashabih,2,569
Shamela0006025,0463KhatibBaghdadi.MuwaddihAwham,17,3045
Shamela0006056,1014MullaCaliQari.AsrarMarfuca,1,133
Shamela0006060,0507IbnQaysarani.DhakhiratHuffaz,12,2058
Shamela0006104,0778BadrDinBacli.MukhtasarFatawaMisriyya,1,123
Shamela0006105,0241IbnHanbal.MasailRiwayatCabdAllah,1,117
Shamela0006136,1004ShamsDinRamli.GhayatBayan,1,478
Shamela0006161,0189MuhammadShaybani.HujjaCalaAhlMadina,3,482
Shamela0006206,0282IbnIshaqJahdami.AhkamQuran,2,343
Shamela0006222,0370IbnCaliJassas.MukhtasarIkhtilafCulama,7,1276
Shamela0006227,0699ShihabDinIshbiliLakhmi.MukhtasarKhilafiyyat,22,4003
Shamela0006336,0885CalaDinMardawi.TahbirSharhTahrir,1,104
Shamela0006366,1450CabdKarimKhudayr.SharhMuharrir,7,1159
Shamela0006446,0535QawwamSunna.HujjaFiBayanMahajja,17,6414
Shamela0006449,0430AbuNucaymIsbahani.ImamaWaRaddCalaRafida,1,111
Shamela0006454,1033MarciKarmi.AqawilThiqat,1,153
Shamela0006463,0748Dhahabi.Culuww,2,323
Shamela0006590,0911Suyuti.KhasaisKubra,44,15226
Shamela0006610,1276IbnAhmadRibaciSancani.FathGhaffar,48,8598
Shamela0006617,1111CabdMalikCasimi.SamtNujum,11,2723
Shamela0006624,0749ZaynDinIbnWardi.Tarikh,1,127
Shamela0006630,0658IbnAbbar.HullaSiyara,2,640
Shamela0006700,0597IbnJawzi.TalqihFuhum,6,902
Shamela0006706,0333AbuCarabTamimi.Mihan,1,221
Shamela0006739,0771TajDinSubki.TabaqatShaficiyyaKubra,4,988
Shamela0006789,0597IbnJawzi.ThibatCindaMamat,3,831
Shamela0006848,0748Dhahabi.Kabair,1,209
Shamela0006886,1255Shawkani.WilayatAllah,1,155
Shamela0006896,0429AbuMansurThacalibi.ThimarQulub,2,329
Shamela0006909,0395AbuHilalCaskari.DiwanMacani,1,121
Shamela0006944,0354IbnHibbanBusti.RawdatCuqala,1,658
Shamela0006947,1354RashidRida.Manar,30,5493
Shamela0007012,0276IbnQutaybaDinawari.GharibHadith,3,870
Shamela0007032,0321IbnDuraydAzdi.JamharatLugha,1,114
Shamela0007264,1255Shawkani.DarariMudiyya,1,165
Shamela0007268,0620IbnQudamaMaqdisi.IthbatSifatCuluww,2,686
Shamela0007292,0276IbnQutaybaDinawari.TawilMukhtalafHadith,2,355
Shamela0007318,0748Dhahabi.MukhtasarCuluww,2,307
Shamela0007342,1255Shawkani.SaylJarrar,3,482
Shamela0007349,0802IbnMusaAbnasi.ShadhaFayyah,1,142
Shamela0007350,0748Dhahabi.Carsh,1,161
Shamela0007351,0597IbnJawzi.CilalMutanahiyya,3,456
Shamela0007361,0558IbnAbiKhayrCimraniYamani.IntisarFiRadd,9,3003
Shamela0007370,0370IbnCaliJassas.AhkamQuran,22,3573
Shamela0007375,0574ShuhdaBintAhmad.Cumda,2,548
Shamela0007435,0623AbuQasimRafici.Tadwin,10,1696
Shamela0007441,1335IbnCabdSamicAbiAzhari.ThamrDani,1,96
Shamela0007472,1369MuhammadRida.AbuBakr,1,129
Shamela0007473,1450CabdAllahBusayri.AbyatMukhtara,1,134
Shamela0007485,1206IbnCabdWahhab.AhadithFiFitan,1,159
Shamela0007492,0310Tabari.IkhtilafFuqaha,3,317
Shamela0007502,0577AbuBarakatAnbari.AsrarCarabiyya,1,83
Shamela0007508,0244IbnSikkit.IslahMantiq,2,219
Shamela0007562,0911Suyuti.QutMughtadhi,1,106
Shamela0007597,1233SulaymanSibtIbnCabdWahhab.TawdihCanTawhid,3,653
Shamela0007606,1450CabdAllahBusayri.Hajj,2,231
Shamela0007640,0463KhatibBaghdadi.SabiqWaLahiq,1,128
Shamela0007767,0235IbnAbiShayba.Iman,6,1117
Shamela0007798,0310Tabari.JamicBayan,229,64319
Shamela0007853,0421AbuSacdAbi.NathrDurr,2,226
Shamela0007891,0510IbnMascudBaghawi.SharhSunna,78,15168
Shamela0008061,0281IbnAbiDunya.MakaidShaytan,1,377
Shamela0008176,1014MullaCaliQari.MirqatMafatih,67,15594
Shamela0008202,0283BaghandiKabir.AmaliBaghandi,2,391
Shamela0008203,0458Bayhaqi.Adab,16,3744
Shamela0008206,0387IbnBattaCukbari.IbanaKubra,19,3839
Shamela0008208,0286IbnWaddahQurtubi.Bidac,2,392
Shamela0008210,0395IbnMandaMuhammad.Tawhid,3,495
Shamela0008216,0281IbnAbiDunya.Zuhd,5,804
Shamela0008223,0256Bukhari.TakhrijAhadithMarfuca,3,741
Shamela0008233,0393AbuTahirMukhallis.SabcatMajalis,2,334
Shamela0008235,0301AbuBakrFaryabi.SifatNifaq,1,309
Shamela0008237,0430AbuNucaymIsbahani.FadailKhulafaRashidin,1,195
Shamela0008242,0281IbnAbiDunya.KalamLayali,2,420
Shamela0008244,0381IbnMuqriIsbahani.Mucjam,7,1452
Shamela0008266,0281IbnAbiDunya.Cuqubat,2,478
Shamela0008274,0318AbuCarubaHarrani.MuntaqaMinTabaqat,1,87
Shamela0008316,0852IbnHajarCasqalani.NukatCalaIbnSalah,1,158
Shamela0008353,1188ShamsDinSaffarini.LawamicAnwar,9,2074
Shamela0008360,0741KhatibTabrizi.MishkatMasabih,58,13204
Shamela0008362BK1,0832TaqiFasi.ShifaGharam,5,859
Shamela0008362BK3,0642IbnNajjar.DurraThamina,1,163
Shamela0008370,0751IbnQayyimJawziyya.MadarijSalikin,5,929
Shamela0008381,1450LajnaDaima.Fatawa,15,3982
Shamela0008463,0620IbnQudamaMaqdisi.Mughni,18,3626
Shamela0008473,0774IbnKathir.TafsirQuran,168,47526
Shamela0008477,0279IbnAbiKhaythama.TarikhKabir,11,2033
Shamela0008493,0219IbnZubayrHumaydi.Musnad,14,3115
Shamela0008494,0241IbnHanbal.Zuhd,15,2646
Shamela0008505,0285IbnYazidMubarrad.KamilFiLugha,3,627
Shamela0008506,1356MustafaSadiqRafici.IcjazQuran,1,564
Shamela0008540,0855BadrDinCayni.SharhSunanAbiDawud,27,4646
Shamela0008544,0762MughultayIbnQilij.SharhSunanIbnMaja,56,8058
Shamela0008585,1225IbnNasirNajdi.TuhfaMadaniyya,1,298
Shamela0008623,1500Anonymous.MiatHadithSaqitaMinSunanKubra,7,2402
Shamela0008634,0771TajDinSubki.AshbahWaNazair,1,176
Shamela0008657,0694MuhibbDinTabari.RiyadNadira,25,7559
Shamela0008658,0327IbnAbiHatimRazi.Tafsir,46,14279
Shamela0008884,0832TaqiFasi.DhaylTaqyid,1,110
Shamela0008970,0458Bayhaqi.DacawatKabir,15,3186
Shamela0009076,0463KhatibBaghdadi.MuttafiqWaMuftariq,6,1454
Shamela0009082,0385Daraqutni.CilalWarida,26,5278
Shamela0009088,0228AbuJahmBahili.Juz,8,2136
Shamela0009091,0768Yafici.MiratJinan,6,1297
Shamela0009099,0911Suyuti.Muhadarat,1,81
Shamela0009107,0393AbuTahirMukhallis.Mukhallisiyyat,23,4858
Shamela0009200,0418HibatAllahLalikai.SharhUsulIctiqad,28,8429
Shamela0009241,0774IbnKathir.FusulMinSira,1,353
Shamela0009242,1255Shawkani.NaylAwtar,43,7379
Shamela0009270,0458Bayhaqi.AsmaWaSifat,12,3867
Shamela0009279,0977KhatibShirbini.KhisalMukaffira,3,688
Shamela0009292,0458Bayhaqi.BacthWaNushur,3,664
Shamela0009306,0281IbnAbiDunya.Juc,7,1323
Shamela0009313,0257IbnCarafaCabdi.Juz,1,121
Shamela0009323,0353IbnMuhammadMakki.Fawaid,4,958
Shamela0009329,0911Suyuti.TadribRawi,1,136
Shamela0009354,0607IbnTabarzad.Ahadith,1,234
Shamela0009356,0275IbnMuhammadMarwazi.AkhbarShuyukh,1,402
Shamela0009361,0563IbnMuqarrabBaghdadiKarkhi.Arbacuna,1,104
Shamela0009368,0414AbuQasimRazi.IslamZaydIbnHaritha,2,328
Shamela0009369,0597IbnJawzi.IclamMacalim,5,852
Shamela0009379,0597IbnJawzi.BirrWaSila,7,1044
Shamela0009380,0321Tahawi.TaswiyaBaynaHaddathanaWaAkhbarana,1,125
Shamela0009383,0415CaliIbnBishranUmawi.Fawaid,4,1526
Shamela0009390,0600CabdGhaniMaqdisi.TahrimQatl,2,320
Shamela0009397,0366IbnNajidNaysaburi.Juz,2,332
Shamela0009523,0581AbuMusaMadini.DhikrIbnMandah,1,146
Shamela0009563,0305IbnZakariyaMutarriz.Fawaid,1,233
Shamela0009564,0390IbnAkhiMimiDaqqaq.Fawaid,7,1668
Shamela0009567,0807NurDinHaythami.GhayatMaqsad,77,20035
Shamela0009584,0629IbnNuqta.TaqyidLiMacrifa,1,97
Shamela0009618,0643DiyaDinMaqdisi.AmradWaKaffarat,2,295
Shamela0009631,0682ZakariyaQazwini.AtharBilad,1,116
Shamela0009633,0223IbnSalihKatibLayth.Nuskha,1,233
Shamela0009642,0543IbnIbrahimHamadhaniJurqani.Abatil,4,537
Shamela0009654,0302QasimCawfi.DalailFiGharibHadith,5,1123
Shamela0009690,0728IbnTaymiyya.FatawaKubra,4,875
Shamela0009697,0256Bukhari.KhalqAfcal,1,203
Shamela0009698,0399IbnAbiZamanaynIlbiri.RiyadJanna,1,217
Shamela0009701,0953IbnTulun.IclamSailin,2,426
Shamela0009702,0676Nawawi.TahdhibAsma,5,752
Shamela0009759,1307Qannawji.NaylMaram,1,139
Shamela0009768,0450AbuHasanMawardi.AclamNubuwwa,2,272
Shamela0009770,0634AbuRabicHimyari.Iktifa,17,5572
Shamela0009773,0279Baladhuri.AnsabAshraf,18,3318
Shamela0009783BK1,0310Tabari.Tarikh,44,12292
Shamela0009783BK4,0310Tabari.MuntakhabMinDhayl,4,1085
Shamela0009790,0789IbnMuhammadKhuzaci.TakhrijDalalat,6,1433
Shamela0009795,0930IbnCumarBahraqHadrami.HadaiqAnwar,5,1089
Shamela0009801,0974IbnHajarHaytami.DurrMandud,4,751
Shamela0009804,1304CabdHayyLaknawi.TacliqMumajjad,6,1773
Shamela0009810,1138IbnCabdHadiNurDinSindi.HashiyaCalaIbnMajah,74,15292
Shamela0009823,0956IbnCumarShamsDinSafiri.MajalisWacziyya,2,427
Shamela0009841,1285IbnHasanAlShaykh.Iman,1,64
Shamela0009853,0430AbuNucaymIsbahani.AhadithMusnada,4,741
Shamela0009855,0434IbnAhmadHarawi.Masmucat,5,1209
Shamela0009856,0817MajdDinFiruzabadi.BasairDhawiTamyiz,1,117
Shamela0009873,1044IbnBurhanDinHalabi.SiraHalabiyya,19,5152
Shamela0009898,0354IbnHibbanBusti.Sira,2,288
Shamela0009918,1014MullaCaliQari.SharhShifa,2,707
Shamela0009924,1421MuhammadCuthaymin.FatawaArkanIslam,1,118
Shamela0009953,0465IbnHawazinQushayri.RisalaQushayriyya,1,178
Shamela0009978,0774IbnKathir.TuhfatTalib,1,204
Shamela0010013,1376MuhammadHajwiThacalibi.FikrSami,4,686
Shamela0010273,1224IbnCajiba.BahrMadid,2,281
Shamela0010283,0733Nuwayri.NihayatArab,34,8687
Shamela0010322,0761IbnKaykaldiCalai.Tanbihat,1,129
Shamela0010437,0597IbnJawzi.MuthirGharam,1,146
Shamela0010441,0611IbnMufaddalMuqaddasi.Arbacuna,1,215
Shamela0010443,0795IbnRajabHanbali.JamicCulumWaHikam,5,1088
Shamela0010444,0533IbnTahirAbuQasimShahhami.AhadithSubaciyyat,6,1041
Shamela0010460,0643CaliSakhawi.JamalQurra,1,308
Shamela0010463,0795IbnRajabHanbali.RawaicTafsir,26,6528
Shamela0010469,0909IbnMabrid.ArbacunaMusalsala,1,154
Shamela0010479,1205MurtadaZabidi.Amali,3,800
Shamela0010480,0643DiyaDinMaqdisi.AhadithMukhatara,90,18179
Shamela0010488,0373AbuLaythSamarqandi.TanbihGhafilin,10,2986
Shamela0010492,0359AbuCaliSawwaf.Fawaid,3,609
Shamela0010496,0584IbnMunqidhShayzari.LubabAdab,1,215
Shamela0010512,0940IbnQasimMuhyiDinAmasi.RawdAkhyar,1,124
Shamela0010514,0489IbnFadlIsbahani.FawaidCawali,1,173
Shamela0010517,1450MusaCaffana.Fatawa,34,6743
Shamela0010529,0395AbuHilalCaskari.Awail,1,122
Shamela0010538,0255Jahiz.BursanWaCurjan,1,104
Shamela0010548,1356MustafaSadiqRafici.TarikhAdabCarab,1,580
Shamela0010549,0792SadrDinIbnAbiCizzAdhraci.SharhCaqidaTahawiyya,6,2790
Shamela0010614,0255Jahiz.BayanWaTabyin,1,122
Shamela0010620,0242IbnAslamTusi.Arbacun,2,377
Shamela0010627,0281AbuZurcaDimashqi.FawaidMucallala,3,936
Shamela0010628,0281IbnAbiDunya.Qubur,1,127
Shamela0010637,0430AbuNucaymIsbahani.DalailNubuwwa,6,3381
Shamela0010639,0676Nawawi.Adhkar,8,1507
Shamela0010646,0562IbnHamdun.TadhkiraHamduniyya,10,2175
Shamela0010657,0744IbnCabdHadi.TanqihTahqiq,30,5398
Shamela0010664,0808MuhammadDamiri.HayatHayawanKubra,5,1012
Shamela0010695,0463IbnCabdBarr.Durar,1,145
Shamela0010765,0321Tahawi.AhkamQuran,31,6525
Shamela0010768,0413AbuIshaqHusri.ZahrAdab,1,182
Shamela0010798,0660IbnCadim.BughyatTalab,12,2473
Shamela0010803,0510IbnMascudBaghawi.AnwarFiShamailNabi,11,2148
Shamela0010806,0380Khalidiyyan.AshbahWaNazair,1,107
Shamela0010831,0833IbnJazari.Cawali,3,567
Shamela0010835,0492AbuHasanKhulci.Fawaid,11,4317
Shamela0010842,0463KhatibBaghdadi.FaslLiWaslMudrajFiNaql,13,3369
Shamela0010843,0385Daraqutni.TacliqatCalaMajruhin,1,173
Shamela0010906,0748Dhahabi.SiyarAclamNubala,77,17966
Shamela0010913,0370AbuQasimAmidi.MutalifWaMukhtalif,1,104
Shamela0010924,0911Suyuti.BushraKaib,5,1572
Shamela0010927,0597IbnJawzi.TarikhBaytMuqaddas,3,1135
Shamela0011036,0806IbnHusaynZaynDinCiraqi.TarhTarthib,12,1923
Shamela0011077BK1,0427Sahmi.TarikhJurjan,3,407
Shamela0011258,0728IbnTaymiyya.SharhHadithNuzul,19,7538
Shamela0011328,1206IbnCabdWahhab.FadailQuran,2,477
Shamela0011363,0795IbnRajabHanbali.LataifMacarif,6,1175
Shamela0011385,0742Mizzi.TuhfatAshraf,31,3854
Shamela0011400,1343MustafaManfaluti.Nazarat,1,89
Shamela0011404,0257IbnCabdHakam.FutuhMisr,4,613
Shamela0011406,0737IbnMuhammadIbnHajjFasi.Madkhal,3,638
Shamela0011417,0620IbnQudamaMaqdisi.BulghatTalibHathith,1,201
Shamela0011428,0762IbnYusufZaylaci.NasbRaya,36,6118
Shamela0011435,0790IbnMusaGharnatiShatibi.Muwafaqat,4,640
Shamela0011438,0597IbnJawzi.TalbisIblis,4,1020
Shamela0011444BK2,0977KhatibShirbini.MughniMuhtaj,1,196
Shamela0011468BK1,0926ZakariyyaAnsari.AsnaMatalib,2,347
Shamela0011569,0744IbnCabdHadi.TacliqaCalaCilal,3,586
Shamela0011620,0728IbnTaymiyya.IqtidaSirat,5,1012
Shamela0011686,0347IbnYunusSadafi.Tarikh,1,115
Shamela0011728,0911Suyuti.Itqan,7,1370
Shamela0011746,0637IbnMustawfi.TarikhIrbil,2,325
Shamela0011755,1356MustafaSadiqRafici.WahyQalam,1,438
Shamela0011766,0292Bahshal.TarikhWasit,3,735
Shamela0011767,0337QudamaIbnJacfar.Kharaj,3,381
Shamela0011789,0615MuwaffaqDinShafici.MurshidZuwwar,1,233
Shamela0011816,0803IbnMusaJamalDinMalati.MuctasarMinMukhtasar,21,3896
Shamela0011818,0774IbnKathir.NihayaFiFitan,8,1534
Shamela0011993,1231IbnMuhammadHanafiTahtawi.HashiyaCalaMaraqi,2,525
Shamela0012001,1300CabdHadiIbnMuhammadCujayli.TahqiqTajrid,4,707
Shamela0012014,0676Nawawi.RiyadSalihin,26,5605
Shamela0012019,0972IbnAhmadIbnNajjarHanbali.SharhKawkabMunir,1,101
Shamela0012027,1326IbnMuhammadHindiSahsayani.SiyanatInsan,9,1754
Shamela0012031,0597IbnJawzi.SifatSafwa,11,2450
Shamela0012034,1342MahmudShukriAlusi.GhayatAmani,1,248
Shamela0012052,0763IbnMuflihMaqdisi.FurucWaTashihFuruc,5,780
Shamela0012062,0909IbnMabrid.MahdSawab,8,2688
Shamela0012131,0597IbnJawzi.Musalsalat,1,264
Shamela0012220,0852IbnHajarCasqalani.ItrafMusnadMuctali,36,5288
Shamela0012293,1421MuhammadCuthaymin.MajmucFatawa,17,2009
Shamela0012320,0808IbnKhaldun.Tarikh,2,376
Shamela0012396,0421Miskawayh.Tajarib,1,233
Shamela0012398,1089IbnCimad.Shadharat,2,324
Shamela0012399,1450CabdKarimKhudayr.SharhMuwattaMalik,11,2445
Shamela0012400,0709IbnTiqtaqa.FakhriFiAdab,2,378
Shamela0012403,0277IbnSufyanFasawi.MacrifaWaTarikh,29,5649
Shamela0012404,0362AbuFarajIsbahani.MaqatilTalibiyyin,1,216
Shamela0012406,0597IbnJawzi.Muntazam,24,6521
Shamela0012415,0458Bayhaqi.SunanSaghir,35,7873
Shamela0012444,0297IbnAbiShaybaAbuJacfar.Carsh,1,395
Shamela0012531,0748Dhahabi.MucjamShuyukh,5,707
Shamela0012546,0439IbnMuhammadKhallal.DhikrManLamYakunLahuIllaHadithWahid,1,270
Shamela0012579,0365IbnCadiJurjani.KamilFiDucafa,47,8390
Shamela0012581,0385Daraqutni.MutalifWaMukhtalif,3,681
Shamela0012715,0732AbuFida.MukhtasarFiAkhbar,1,237
Shamela0012724,0852IbnHajarCasqalani.RafcIsr,1,107
Shamela0012731,1031CabdRaufMunawi.IthafSail,1,214
Shamela0012738,0986IbnCaliFattani.TadhkiratMawducat,1,110
Shamela0012749,0457IbnAhmadSayrafi.Mashyakha,1,135
Shamela0012750,0571IbnCasakir.MucjamShuyukh,20,3903
Shamela0012769,0728IbnTaymiyya.QacidaCazimaFiFarq,1,242
Shamela0012844,0324IbnMuhammadNaysaburi.Ziyadat,5,1019
Shamela0012846,0742Mizzi.MuntaqaMinFawaid,1,127
Shamela0012851,0200YahyaIbnSalam.Tafsir,13,3059
Shamela0012852,0408IbnCabdCazizTaymi.JuzHadith,1,315
Shamela0012860,0774IbnKathir.TabaqatFuqahaShaficiyyin,1,109
Shamela0012861,0748Dhahabi.ArbacinaFiSifat,2,287
Shamela0012862,0807NurDinHaythami.KashfAstar,45,14089
Shamela0012865,0852IbnHajarCasqalani.NazmLaali,2,333
Shamela0012872,0845Maqrizi.MukhtasarQiyamRamadan,6,1352
Shamela0012884,0911Suyuti.DurrManthur,130,38189
Shamela0012935,1369MuhammadRida.Muhammad,2,443
Shamela0012981,0292AbuBakrBazzar.BahrZakhkhar,108,26916
Shamela0012985,0463KhatibBaghdadi.IqtidaCilmCamal,1,253
Shamela0012987,0182AbuYusufYacqub.Athar,1,118
Shamela0012990,0281IbnAbiDunya.Ikhwan,2,367
Shamela0012991,0256Bukhari.AdabMufrad,15,2862
Shamela0013007,0246HusaynMarwazi.BirrWaSila,2,430
Shamela0013026,0287IbnAbiCasim.Zuhd,4,717
Shamela0013027,0243HannadIbnSari.Zuhd,23,6842
Shamela0013033,0264IbnYahyaMuzani.SunanMathura,3,635
Shamela0013034,0444AbuCamrDani.SunanWarida,4,730
Shamela0013035,0360AbuBakrAjurri.Sharica,36,11650
Shamela0013039,0281IbnAbiDunya.Samt,5,818
Shamela0013041,0322AbuJacfarCuqayli.DucafaKabir,13,2230
Shamela0013043,0369AbuShaykhIsbahani.Cuzma,1,270
Shamela0013048,0463KhatibBaghdadi.FaqihWaMutafaqqih,4,718
Shamela0013058,0281IbnAbiDunya.Muhtadarin,2,424
Shamela0013066,0335IbnKulaybShashi.Musnad,25,6985
Shamela0013068,0360Tabarani.MucjamSaghir,6,1353
Shamela0013072,0351IbnAhmadSijzi.MuntaqaMinMusnadMuqillin,2,390
Shamela0013073,0338AbuJacfarNahhas.NasikhWaMansukh,3,406
Shamela0013075,0281IbnAbiDunya.Ciyal,3,594
Shamela0013084,0380AbuBakrKalabadhi.BahrFawaid,5,939
Shamela0013087,0294IbnNasrMarwazi.TaczimQadrSalat,12,2229
Shamela0013104,0273HanbalIbnIshaqShaybani.JuzHanbal,2,459
Shamela0013132,0364IbnSunniDinawari.CamalYawmWaLayl,8,1824
Shamela0013133,0285IbrahimHarbi.GharibHadith,3,487
Shamela0013140,0327AbuBakrKharaiti.FadilatShukr,1,128
Shamela0013142,0369IbnMasiBaghdadi.Fawaid,1,147
Shamela0013152,0281IbnAbiDunya.MudaratNas,2,382
Shamela0013154,0318IbnMuhammadHashimi.MusnadIbnAbiAwfa,1,196
Shamela0013167,0316IbnAbiDawudSijistani.MusnadCaisha,1,223
Shamela0013173,0312BaghandiSaghir.MusnadCumar,2,459
Shamela0013176,0371AhmadJurjani.Mucjam,1,227
Shamela0013178,0351IbnQanic.MucjamSahaba,20,3353
Shamela0019482,1014MullaCaliQari.AhadithQudsiyya,2,375
Shamela0021315,0432IbnMuhammadNasafi.FadailQuran,1,174
Shamela0021475,0463KhatibBaghdadi.Bukhala,8,1712
Shamela0021476,0387IbnSamcunBaghdadi.Amali,4,759
Shamela0021477,0463KhatibBaghdadi.TalkhisMutashabih,10,2067
Shamela0021479,0381AbuQasimJawhari.MusnadMuwatta,7,2237
Shamela0021481,0395IbnMandaMuhammad.MacrifatSahaba,8,1580
Shamela0021488,0313IbnZaydanKufi.Musnad,1,245
Shamela0021493,0535QawwamSunna.SiyarSalaf,7,1358
Shamela0021495,0204Shafici.Musnad,7,1308
Shamela0021502,0785IbnMuhammadShamsDinManbiji.TasliyatAhlMasaib,26,6127
Shamela0021512,1450CabdAllahGhunayman.MukhtasarMinhajSunna,2,567
Shamela0021525,1346LuisShikhuYasuci.ShucaraNasraniyya,1,117
Shamela0021537,1420IbnBaz.MajmucFatawa,8,1081
Shamela0021550,0806IbnHusaynZaynDinCiraqi.Mughni,19,5014
Shamela0021563,0597IbnJawzi.AkhbarNisa,1,134
Shamela0021570,0807NurDinHaythami.MaqsadAli,33,7449
Shamela0021578,0728IbnTaymiyya.KalimTayyib,2,403
Shamela0021590,1182IbnIsmacilSancani.SubulSalam,7,1209
Shamela0021597,1189CaliCadawi.HashiyatCadawi,1,98
Shamela0021598,1204SulaymanJamal.Hashiya,1,166
Shamela0021602,0430AbuNucaymIsbahani.SifatJanna,4,822
Shamela0021605,0879IbnMuhammadIbnAmirHajj.TaqrirWaTahbir,3,453
Shamela0021611,0897IbnYusufCabdariGharnati.TajWaIklilLiMukhtasarKhalil,1,192
Shamela0021619BK2,0884AbuIshaqIbnMuflih.MubdicFiSharhMuqnic,4,611
Shamela0021626,0643DiyaDinMaqdisi.RuwatArbacatCashar,1,293
Shamela0021629,0974IbnHajarHaytami.Zawajir,21,3554
Shamela0021635,0643DiyaDinMaqdisi.MuntaqaMinMasmucatMarw,7,1634
Shamela0021638,0345IbnCabbasBazzaz.HadithShucba,1,110
Shamela0021640,1090NizamDinBalkhi.FatawaHindiyya,1,94
Shamela0021642,1051IbnYunusBuhutiHanbali.KashshafQinac,4,774
Shamela0021654,1156IbnMuhammadAbuSacidKhadimi.BariqaMahmudiyya,1,199
Shamela0021659,0911Suyuti.SahihWaDacif,38,8202
Shamela0021660,1031CabdRaufMunawi.FaydQadir,12,2156
Shamela0021670,0277IbnSufyanFasawi.Mashyakha,3,539
Shamela0021672,0400IbnMuhammadLihyani.Hadith,1,402
Shamela0021676,0249CabdIbnHamid.MinCawaliMusnad,2,376
Shamela0021677,1243IbnSacdRahyabaniSuyuti.MatalibUliNuha,6,1182
Shamela0021684,0258IbnYahyaNaysaburi.Juz,2,800
Shamela0021691,0427IbnCaliShahrazuri.Hadith,1,118
Shamela0021693,1051IbnYunusBuhutiHanbali.SharhMuntahaIradat,5,879
Shamela0021703,0668IbnCabdDaimZaynDinMuqaddasi.MuntaqaMinHadithJassas,1,210
Shamela0021713,0751IbnQayyimJawziyya.ZadMacad,13,2661
Shamela0021715,0923AhmadQastallani.IrshadSari,124,32504
Shamela0021719,0911Suyuti.Ashbah,1,182
Shamela0021721,0558IbnAbiKhayrCimraniYamani.BayanFiMadhhabShafici,2,365
Shamela0021723,0911Suyuti.HawiLiFatawi,12,2248
Shamela0021731,0620IbnQudamaMaqdisi.KafiFiFiqh,6,917
Shamela0021735,0520IbnRushdJadd.Muqaddimat,5,1131
Shamela0021739,0595IbnRushdHafid.BidayatMujtahid,7,1636
Shamela0021743,0772ShamsDinHanbaliZarqashi.SharhCalaMukhtasarKhiraqi,8,1789
Shamela0021744,0861IbnHumam.FathQadir,16,2726
Shamela0021751,0520IbnRushdJadd.BayanWaTahsil,8,1119
Shamela0021765,0840ShihabDinBusiri.IthafKhayra,96,19729
Shamela0021766,1225ThanaAllahPanipati.TafsirMazhari,58,10853
Shamela0021784,1356MustafaSadiqRafici.TahtaRayatQuran,2,396
Shamela0021809,0774IbnKathir.JamicMasanid,179,40953
Shamela0021821,0468IbnAhmadWahidiNaysaburi.WasitFiTafsir,12,3073
Shamela0021848BK1,0926ZakariyyaAnsari.GhurarBahiyya,1,152
Shamela0022347,0281IbnAbiDunya.Qanaca,7,1272
Shamela0022547,0321Tahawi.SharhMushkilAthar,98,23050
Shamela0022549,0319IbnMundhirNaysaburi.TafsirQuran,7,1903
Shamela0022579,0272IbnIshaqFakihi.AkhbarMakka,16,3164
Shamela0022593,0437MakkiIbnHammushQaysi.Hidaya,26,7542
Shamela0022644,1450CabdKarimKhudayr.SharhBulughMaram,6,732
Shamela0022645,1450CabdKarimKhudayr.SharhCumdatAhkam,1,165
Shamela0022649,0728IbnTaymiyya.QacidaJalila,1,306
Shamela0022657,0267HammadIbnIshaq.TarikatNabi,3,764
Shamela0022676,0665AbuShama.MurshidWajiz,1,620
Shamela0022769,1316IbnCumarBantaniJawi.MarahLabid,1,205
Shamela0022800,0774IbnKathir.FadailQuran,1,556
Shamela0022842,1332IbnMuhammadJamalDinQasimi.MawcizatMuminin,1,151
Shamela0022848,0748Dhahabi.TanqihTahqiq,18,3511
Shamela0022868,0584IbnMusaHazimi.IctibarFiNasikhWaMansukh,9,2341
Shamela0022882,0761IbnKaykaldiCalai.ItharatFawaid,1,165
Shamela0022921,0458AbuYaclaIbnFarra.IbtalTawilat,1,197
Shamela0023100,0317AbuQasimBaghawi.MucjamSahaba,41,9391
Shamela0023102,0195IbnFudaylDabbi.Duca,2,425
Shamela0023118,0197WakicIbnJarrah.NuskhatWakic,1,189
Shamela0023177,0902Sakhawi.MaqasidHasana,2,296
Shamela0023422,1450CabdKarimKhudayr.SharhKitabHajj,4,942
Shamela0023578,0427AbuIshaqThaclabi.KashfWaBayan,48,12867
Shamela0023582,0504IbnMuhammadCimadDinTabari.AhkamQuran,3,546
Shamela0023591,0745AbuHayyanGharnati.TafsirBahrMuhit,3,523
Shamela0023594,0373AbuLaythSamarqandi.BahrCulum,2,715
Shamela0023606,0751IbnQayyimJawziyya.TafsirQuran,1,196
Shamela0023623,1255Shawkani.FathQadir,15,3248
Shamela0023628,0741KhazinBaghdadi.LubabTawil,33,8543
Shamela0023630,0209AbuCubayda.MajazQuran,1,125
Shamela0023632,0541IbnCatiyyaAndalusi.MuharrarWajiz,4,654
Shamela0023644,0407IbnMuhammadKharkushi.SharafMustafa,26,5000
Shamela0023645,0544QadiCiyad.ShifaBiTacrif,9,2588
Shamela0023647,0279Tirmidhi.ShamailMuhammadiyya,13,3184
Shamela0023675,1132IbnAhmadAbuMadyanFasi.MustacdhabIkhbar,1,215
Shamela0023680,0207Waqidi.Maghazi,6,1847
Shamela0023685,0923AhmadQastallani.MawahibLaduniyya,39,9543
Shamela0023695,0911Samhudi.WafaWafa,5,941
Shamela0023700,0630IbnAthirCizzDin.UsdGhaba,49,9562
Shamela0023735,0626YaqutHamawi.MucjamBuldan,1,116
Shamela0023775,0255Jahiz.Hayawan,3,560
Shamela0023777,1450CabdKarimKhudayr.SharhSunanTirmidhi,4,629
Shamela0023785,0276IbnQutaybaDinawari.ShicrWaShucara,3,349
Shamela0023788,0745MuayyadYahyaIbnHamzaCalawi.TirazLiAsrar,1,88
Shamela0023789,0328IbnCabdRabbih.CiqdFarid,7,1688
Shamela0023790,0276IbnQutaybaDinawari.CuyunAkhbar,4,473
Shamela0023798,0885BurhanDinBiqaci.NukatWafiyya,1,266
Shamela0023833,0213IbnHisham.SiraNabawiyya,22,6688
Shamela0025791,1188ShamsDinSaffarini.GhidhaAlbab,7,1448
Shamela0025794,0241IbnHanbal.Musnad,459,101497
Shamela0025800,0606IbnAthirMajdDin.JamicUsul,140,31438
Shamela0025864,0761IbnKaykaldiCalai.JamicTahsil,2,348
Shamela0026047,1450CabdKarimKhudayr.TacliqCalaTafsirQurtubi,1,203
Shamela0026102,0325IbnIshaqWashsha.Muwashsha,1,97
Shamela0026324,0852IbnHajarCasqalani.IthafMahara,49,6569
Shamela0026333,0182AbuYusufYacqub.Kharaj,1,265
Shamela0026337,0198SufyanIbnCuyayna.JuzHadith,1,179
Shamela0026359,0331IbnMukhalladCattar.Juz,1,376
Shamela0026365,0378HakimKabir.CawaliMalik,1,262
Shamela0026366,0613AbuYumnKindi.CawaliMalik,1,159
Shamela0026383,0334IbnSacidQushayri.TarikhRaqqa,2,473
Shamela0026389,0771TajDinSubki.MucjamShuyukh,8,1678
Shamela0026390,0600CabdGhaniMaqdisi.AkhbarSalat,2,509
Shamela0026426,0578IbnBashkuwal.AtharMarwiyya,1,126
Shamela0026428,0662RashidAttar.NuzhatNazir,1,195
Shamela0026429,0430AbuNucaymIsbahani.TibbNabawi,8,1601
Shamela0026432,0659SainDinNaccal.Mashyakha,1,170
Shamela0026440,0282IbnIshaqJahdami.JuzMinHadithMalik,1,370
Shamela0026441,0385Daraqutni.ArbacunaMinMusnadBurayd,2,403
Shamela0026443,0312BaghandiSaghir.Juz,3,943
Shamela0026461,0444AbuCamrDani.MuktafiFiWaqf,1,110
Shamela0026469,0571IbnCasakir.FadlYawmCarafa,1,114
Shamela0026473,0632AbuHafsSuhrawardi.Mashyakha,1,190
Shamela0026474,0360Tabarani.JuzHadithAhlBasra,1,127
Shamela0026484,0645TilimsaniBurri.Jawhara,16,2752
Shamela0026504,0258AhmadIbnFurat.JuzAhadith,1,122
Shamela0026525,0256ZubayrIbnBakkar.JamharatNasabQuraysh,1,168
Shamela0026542,0535QadiMaristan.Mashyakha,8,1810
Shamela0026548,0161SufyanThawri.Hadith,2,277
Shamela0026551,0911Suyuti.MatlacBadrayn,2,359
Shamela0026559,0341IbnHamidHawrani.Juz,1,186
Shamela0026560,0636IbnYusufBirzaliIshbili.SulukTariqSalaf,1,162
Shamela0026563,0405AbuCabbasCasmi.Juz,2,531
Shamela0026565,0705SharafDinDimyati.JuzMusafahatMuslim,2,1166
Shamela0026566,0459IbnMuhammadDimashqi.Fawaid,5,1663
Shamela0026568,1122MuhammadZurqani.SharhCalaMawahib,28,6757
Shamela0026577,0369AbuShaykhIsbahani.DhikrAqran,2,358
Shamela0026584,0423AbuQasimHurfi.Fawaid,3,830
Shamela0026588,0510IbnCaliAbuGhanaimNursi.FawaidKufiyyin,1,98
Shamela0026592,0282IbnHarbCaskari.MusnadAbiHurayra,1,259
Shamela0026662,0643IbnNajjar.DurraThamina,2,327
Shamela0026664,0273AbuBakrAthram.NasikhHadith,5,992
Shamela0026665,0565IbnMuhammadAbuBakrBaghdadi.Mashyakha,1,206
Shamela0026668,0313IbnIshaqSarraj.Musnad,35,8650
Shamela0026726,0611SharafDinMuqaddasi.Arbacin,1,164
Shamela0026730,0378HakimKabir.Fawaid,2,275
Shamela0026731,0816AbuBakrMaraghi.Mashyakha,3,658
Shamela0026733,0643DiyaDinMaqdisi.MinHadithIbnYazidMuqri,2,463
Shamela0026741,0311IbnFilBalisi.Juz,3,471
Shamela0026742,0571IbnCasakir.ArbacunaAbdalCawali,2,566
Shamela0026745,0146MajacaIbnZubayr.MinHadith,1,107
Shamela0026746,0562IbnHasanIsbahaniThaqafi.CarusAjza,1,336
Shamela0026803,0338AbuJacfarNahhas.CumdatKuttab,3,832
Shamela0026813,0640AbuHafsDunaysiri.TarikhDunaysir,3,495
Shamela0026816,0265SacdanIbnNasr.JuzSacdan,1,251
Shamela0026823,0287IbnAbiCasim.Salat,10,2364
Shamela0026842,0555IbnMuhammadHamadhaniTai.ArbacunaFiIrshad,2,259
Shamela0026857,0635AbuMunajjaIbnLatti.Mashyakha,1,318
Shamela0026865,0197IbnWahbQurashi.MuwattaIbnWahb,7,1701
Shamela0026878,0581AbuMusaMadini.Lataif,2,281
Shamela0026883,0311AbuBakrKhallal.WuqufWaTarajjul,2,407
Shamela0026884,0535QawwamSunna.TarghibWaTarhib,21,4078
Shamela0026892,0597IbnJawzi.Muqliq,8,3977
Shamela0026894,0597IbnJawzi.TaczimFutya,2,531
Shamela0026918,0374IbnHusaynAzdi.DhikrIsmKullAshab,1,153
Shamela0027095,0643DiyaDinMaqdisi.FadailQuran,3,567
Shamela0027097,0378IbnIsmacilWarraq.MajlisFiFadlYawmCarafa,1,204
Shamela0027105,0430AbuNucaymIsbahani.MuntakhabMinShucara,1,136
Shamela0027247,1450CabdKarimKhudayr.SharhMuqaddimatSunanIbnMaja,4,1084
Shamela0028100,0393IbnHammadJawhari.MuntakhabMinSihahJawhari,3,461
Shamela0028107,0179MalikIbnAnas.Muwatta,9,2910
Shamela0028168,0894CabdRahmanSufuri.NuzhatMajalis,7,1210
Shamela0028172,0204IbnKalbi.NasabMacad,1,90
Shamela0029289,0185IbnCimranMawsili.Zuhd,1,210
Shamela0029344,0188IbnMuhammadFazari.Siyar,1,147
Shamela0029428,0643DiyaDinMaqdisi.AhadithSahihaMimmaRawahuMuslim,1,625
Shamela0029617,0733IbnJamacaBadrDinHamawi.AhadithTusaciyya,1,123
Shamela0029639,0611SharafDinMuqaddasi.ArbacunaFiFadlDuca,1,340
Shamela0029677,0840IbnWazirYamani.CawasimWaQawasim,3,597
Shamela0029701,0167SariIbnYahyaBasri.AhadithSari,1,89
Shamela0029704,0222IbnNaficHimsi.Hadith,2,488
Shamela0029707,0246AbuCaliIbnShadhdhan.Hadith,3,563
Shamela0029709,0262IbnMatarWasiti.Hadith,2,416
Shamela0029711,0273AbuUmayyaTarsusi.MusnadAbiUmayya,5,1441
Shamela0029712,0295IbnHasanHarrani.FawaidMuntaqa,1,273
Shamela0029713,0310IbnCaliMadaini.Fawaid,1,250
Shamela0029721,0348IbnSalmanNajjad.Amali,2,325
Shamela0029724,0369AbuShaykhIsbahani.Hikayat,2,241
Shamela0029725,0370IbnQasimKhayyat.Hadith,1,200
Shamela0029728,0375IbnQasimMiyaniji.Juz,3,655
Shamela0029734,0392IbnAbiShurayhHarawi.AhadithMia,2,372
Shamela0029738,0643DiyaDinMaqdisi.MuwafaqatCawali,3,561
Shamela0029741,1450AkramFaluji.MucjamShuyukhTabari,3,530
Shamela0029747,0414AbuSacidNaqqash.Majalis,1,133
Shamela0029751,0426IbnAhmadIbnShadhan.Juz,1,355
Shamela0029766,0430AbuNucaymIsbahani.ArbacunaMinTibb,1,131
Shamela0029769,0470IbnMuhammadKufi.Cawali,1,221
Shamela0029772,0537IbnMuhammadTabasi.ArbacunaMustakhraja,1,242
Shamela0029773,0488IbnWahhabHanbali.Masmucat,1,290
Shamela0029779,0359AbuBakrNasibi.Fawaid,1,231
Shamela0029783,0540IbnAhmadAbuSacdIsbahani.Amali,1,260
Shamela0029789,0571IbnCasakir.HadiWaKhamsunMinAmali,2,239
Shamela0029852,0318IbnMuhammadHashimi.Amali,1,193
Shamela0029859,0331IbnMukhalladCattar.MuntaqaHadith,1,169
Shamela0029867,0360AbuBakrAnbari.Hadith,1,203
Shamela0029878BK1,0643IbnSalahShahrazuri.MuqaddimatCulumHadith,1,142
Shamela0029900,0535QawwamSunna.Cawali,3,478
Shamela0029902,0536IbnAhmadAbuQasimSamarqandi.Amali,1,531
Shamela0029933,0347IbnHazlam.Mashyakha,1,210
Shamela0029967,1450MuhammadCijajKhatib.AbuHurayra,1,256
Shamela0029972,0426IbnAhmadIbnShadhan.Hadith,2,462
Shamela0029976,0562IbnHasanIsbahaniThaqafi.Fawaid,2,638
Shamela0030022,0396IbnHasanDimashqi.Ahadith,1,122
Shamela0030024,0576AbuTahirSilafi.AhadithWaHikayat,1,139
Shamela0030025,0463KhatibBaghdadi.ArbacMajalis,1,221
Shamela0030075,0386IbnCumarHarbi.Mashyakha,2,323
Shamela0030240,0576AbuTahirSilafi.AhadithCanJacfarSarraj,1,112
Shamela0030248,0842IbnNasirDinDimashqi.AhadithArbacuna,2,317
Shamela0030267Vols,0852IbnHajarCasqalani.MucjamShaykhaMaryam,3,416
Shamela0030294,0643DiyaDinMaqdisi.BulghatTalibHathith,1,211
Shamela0030305,0219IbnMuslimBasri.Ahadith,3,361
Shamela0030310,0128IbnAbiHabibMisri.AhadithYazid,1,202
Shamela0030317,0620IbnQudamaMaqdisi.FadlYawmTarwiyya,1,100
Shamela0030327,0733IbnJamacaBadrDinHamawi.Mashyakha,7,1255
Shamela0030341,0748Dhahabi.MawducatMustadrak,2,571
Shamela0030384,0322AbuBakrZubayri.Fawaid,1,157
Shamela0030432,0267IbnCabdAllahTarqufi.Hadith,4,773
Shamela0030518,0630IbnMuhammadBadrDinRazi.MabahithTafsir,1,145
Shamela0030526,0321Tahawi.HadithAbiJacfar,2,344
Shamela0030543,0352IbnDuhaymShaybani.Fawaid,4,715
Shamela0030592Vols,0492AbuHasanKhulci.Khulciyyat,12,3914
Shamela0030623Vols,0576AbuTahirSilafi.MashyakhaBaghdadiyya,5,1077
Shamela0030665,0634AbuRabicHimyari.Musalsalat,1,264
Shamela0030731,0599IbnHasanCabdi.Juz,2,288
Shamela0030741,0281AbuZurcaDimashqi.Tarikh,2,364
Shamela0030760,0399IbnAbiZamanaynIlbiri.QudwatGhazi,1,302
Shamela0030769,0395IbnMandaMuhammad.Amali,2,424
Shamela0030774,0879IbnQutlubugha.MusnadCuqba,1,207
Shamela0030790,0581AbuMusaMadini.MuntahaRaghabat,2,332
Shamela0031375,1281IbnShawkaniKabir.FiSulukIslami,1,444
Shamela0031382,0821Qalqashandi.NihayatArab,1,83
Shamela0035100,0748Dhahabi.TarikhIslam,49,12362
Shamela0035261,0926ZakariyyaAnsari.FathBaqi,1,82
Shamela0036357,0852IbnHajarCasqalani.LisanMizan,1,123
Shamela0036446,1094IbnSulaymanRudani.JamcFawaid,72,16410
Shamela0036515,0762MughultayIbnQilij.IkmalTahdhib,12,1942
Shamela0036543,1255Shawkani.FathRabbaniMinFatawa,7,1255
Shamela0036558,0790IbnMusaGharnatiShatibi.Ictisam,6,1231
Shamela0037325,1450Maghrawi.MawsucatMawaqifSalaf,17,4018
Shamela0037458,1307Qannawji.FathBayan,9,2189
Shamela0037469,0351AbuTayyibLughawi.Ittibac,1,90
Shamela0037649,0444AbuCamrDani.JamicBayanFiQiraatSabc,1,276
Shamela0037816,0728IbnTaymiyya.RaddCalaAkhnai,1,247
Shamela0037834,0224QasimIbnSallam.NasikhWaMansukh,4,676
Shamela0037837,0435MuhallabAndalusi.MukhtasarNasih,36,8039
Shamela0038194,0346AsammNaysaburi.Majmuc,6,1067
Shamela0095590,0333AbuMansurMaturidi.Tafsir,3,463
Shamela0095735,0795IbnRajabHanbali.MajmucRasail,4,838
Shamela0096228,0774IbnKathir.Takmil,9,1573
Shamela0096239,1041BurhanDinMaliki.BahjaMahafil,13,2763
Shamela0096283,0893IbnAhmadZaynDinSharji.TajridSarih,14,3544
Shamela0096551,0804IbnMulaqqin.MustadrakDhahabi,4,490
Shamela0096606,0182AbuYusufYacqub.IkhtilafAbiHanifa,1,187
Shamela0096753,0803IbnCarafaWarghami.Tafsir,1,98
Shamela0096878,0844ShamsDinMisri.MiftahSacidiyya,1,143
Shamela0097927,0543IbnCarabiIshbili.QanunTawil,1,283
Shamela0097928,0900IbnMuhammadBurhanDinQabibati.CajalatImla,2,213
Shamela0098087,0689AhmadIbnCabdRahmanIbnQudama.MukhtasarMinhajQasidin,3,467
Shamela0117359,0275AbuDawudSijistani.Sunan,68,14629
Shamela0119492,0319IbnMundhirNaysaburi.IshrafCalaMadhahib,1,238
Shamela0121376,0536IbnCaliMazariTamimi.SharhTalqin,2,496
Shia000026Vols,0460ShaykhTusi.Khilaf,1,147
Shia000049Vols,0598IbnIdrisHilli.Sarair,1,118
Shia000068,0726CallamaHilli.RisalaSacdiyya,1,95
Shia000089Vols,0726CallamaHilli.TadhkiratFuqaha,2,476
Shia000107Vols,0726CallamaHilli.MuntahaMatlab,3,575
Shia000163VolsBK2,0966ShahidThani.MasalikAfham,1,162
Shia000220Vols,1137IbnHasanBahaDinIsbahani.KashfLitham,1,159
Shia000233,1180CabdAllahJazairi.TuhfaSaniyya,1,170
Shia000234Vols,1186YusufBahraniMuhaqqiq.HadaiqNadira,3,425
Shia000298Vols,1244AhmadNaraqi.MustanadShica,1,91
Shia000317Vols,1266MuhammadHasanNajafiJawahiri.JawahirKalam,1,145
Shia000820Vols,0204Shafici.Umm,17,3275
Shia000828,0264IbnYahyaMuzani.Mukhtasar,3,580
Shia000841Vols,0676Nawawi.Majmuc,29,5468
Shia000895Vols,0240SahnunIbnSacid.MudawwanaKubra,6,1759
Shia000996Vols,1306IbnMuhammadIbnCabidinDimashqi.TakmilatRaddMuhtar,1,126
Shia001107Vols,1323MuhammadCabduh.SharhNahjBalagha,3,432
Shia001130,0336IbnHumamIskafi.Tamhis,1,109
Shia001131Vols,0363QadiNucman.DacaimIslam,1,122
Shia001153,0400IbnCaliHarrani.TuhafCuqul,2,308
Shia001171,0508FattalNaysaburi.RawdatWacizin,1,130
Shia001174Vols,1081MuhammadSalihMazandarani.SharhUsulKafi,1,132
Shia001237Vols,1320NuriTabarsi.MustadrakWasail,2,303
Shia001269,0260IbnShadhanAzdi.Idah,3,479
Shia001278Vols,0363QadiNucman.SharhAkhbar,2,376
Shia001285,0400IbnJarirTabariSaghir.Mustarshid,3,807
Shia001334,0460ShaykhTusi.Amali,3,532
Shia001337Vols,0548IbnHasanTabarsi.Ihtijaj,2,600
Shia001340,0548IbnHasanTabarsi.MakarimAkhlaq,1,149
Shia001344Vols,0573IbnHibatAllahQutbDinRawandi.Kharaij,2,527
Shia001348,0575IbnBabawayhMuntajabDin.Arbacuna,3,822
Shia001368,0664IbnTawus.TaraifFiMacrifatMadhahib,3,441
Shia001370,0664IbnTawus.MalahimWaFitan,7,1649
Shia001380,0693CabdKarimIbnTawus.FarhatGhari,2,446
Shia001395Vols,0910IbnAbiJumhurAhsai.CawaliLaali,3,373
Shia001416,1098MuhammadTahirShiraziQummi.Arbacina,1,72
Shia001421Vols,1107HashimBahrani.HilyatAbrar,1,146
Shia001432Vols,1111Majlisi.BiharAnwar,44,11878
Shia001544Vols,1120CaliKhanMadani.RiyadSalihin,1,76
Shia001553,1200HaydarCaliIbnMuhammadShirwani.ManaqibAhlBayt,2,545
Shia001555Vols,1306HamidHusaynLakhnawi.KhulasatCabaqatAnwar,3,957
Shia001561,1339ShaykhSharicaIsbahani.QawlSurah,5,1088
Shia001615Vols,1405CaliShahrudi.MustadrakSafinatBihar,2,382
Shia001625,1402SayyidTabatabai.SunanNabi,2,334
Shia001626Vols,1450MurtadaCaskari.AhadithCaisha,3,328
Shia001663Vols,1450MurtadaCaskari.MacalimMadrasatayn,2,431
Shia001731Vols,0273IbnMaja.Sunan,76,16170
Shia001749,0323IbnCabdCazizBasri.Saqifa,2,602
Shia001764Vols,0676Nawawi.MinhajFiSharhMuslim,16,2291
Shia001782Vols,0807NurDinHaythami.MajmacZawaid,122,33014
Shia001831Vols,0911Suyuti.DibajCalaMuslim,15,3864
Shia001880,0181IbnMubarak.Jihad,1,291
Shia001881,0181IbnMubarak.Musnad,3,888
Shia001886,0209AbuCaliAshyabBaghdadi.JuzAshyab,1,149
Shia001900,0220AbuJacfarIskafi.MicyarWaMuwazana,2,683
Shia001901,0230CaliIbnJacd.Musnad,10,1651
Shia001913Vols,0238IbnRahawayh.Musnad,15,3087
Shia001949,0282IbnAbiUsamaTamimi.BughyaBahith,5,1148
Shia001950,0282IbnIshaqJahdami.FadlSalat,3,810
Shia001960,0287IbnAbiCasim.Sunna,7,1802
Shia001975,0307AbuYaclaMawsili.Mafarid,2,311
Shia001976Vols,0307AbuYaclaMawsili.Musnad,110,23728
Shia001989,0307IbnJarudNaysaburi.Muntaqa,15,3772
Shia002003Vols,0321Tahawi.SharhMacaniAthar,100,22495
Shia002008,0327IbnJacfarSamiri.FadilatShukrAllah,1,128
Shia002009,0330IbnIsmacilMahamili.Amali,10,1709
Shia002011,0340IbnAcrabiBasri.ZuhdWaSifatZahidin,2,418
Shia002032,0360Tabarani.AhadithTiwal,3,718
Shia002033,0360Ramhurmuzi.MuhaddithFasil,1,140
Shia002034Vols,0360Tabarani.MucjamAwsat,65,12026
Shia002067,0360Tabarani.Duca,18,4436
Shia002069Vols,0360Tabarani.MusnadShamiyyin,40,10395
Shia002088,0385IbnShahin.NasikhHadithWaMansukhuh,12,2564
Shia002095,0414AbuQasimRazi.MusnadMuqallin,2,414
Shia002099,0430AbuNucaymIsbahani.MusnadAbiHanifa,1,133
Shia002102,0454Qudaci.DusturMacalim,3,678
Shia002103Vols,0454Qudaci.MusnadShihab,10,2082
Shia002119Vols,0463IbnCabdBarr.IstidhkarJamic,48,10074
Shia002156,0463KhatibBaghdadi.RihlaFiTalabCilm,1,475
Shia002158,0463KhatibBaghdadi.KifayaFiCilmRiwaya,1,346
Shia002173,0562Samcani.AdabImla,1,162
Shia002175,0360Ramhurmuzi.AmthalHadith,1,148
Shia002178,0597IbnJawzi.DafcShubahTashbih,1,105
Shia002181,0600CabdGhaniMaqdisi.JuzAhadithShicr,4,1194
Shia002185Vols,0656IbnAbiHadid.SharhNahjBalagha,19,4356
Shia002206,0662RashidAttar.GhurarFawaid,1,109
Shia002210,0711IbnIbrahimCimadDinWasiti.NasihaFiSifatRabb,2,344
Shia002218Vols,0762IbnYusufZaylaci.TakhrijAhadith,18,3966
Shia002228,0795IbnRajabHanbali.TakhwifMinNar,3,590
Shia002230,0806IbnHusaynZaynDinCiraqi.ArbacunaCushariyya,3,591
Shia002231Vols,0807NurDinHaythami.MawaridZaman,43,9090
Shia002240Vols,0852IbnHajarCasqalani.DirayaFiTakhrijAhadithHidaya,6,827
Shia002261Vols,0911Suyuti.JamicSaghir,11,1418
Shia002264,0973CabdWahhabShacrani.CuhudMuhammadiyya,16,2579
Shia002265Vols,0975MuttaqiHindi.KanzCummal,397,83069
Shia002294Vols,1162IbnMuammadAbuFidaCajluni.KashfKhafa,8,1188
Shia002298,1345IbnJacfarKattani.NazmMutanathir,1,95
Shia002341Vols,0460ShaykhTusi.Tibyan,5,591
Shia002356Vols,0548IbnHasanTabarsi.TafsirJawamicJamic,1,301
Shia002359Vols,0548IbnHasanTabarsi.TafsirMajmacBayan,8,1288
Shia002369Vols,0573IbnHibatAllahQutbDinRawandi.FiqhQuran,1,126
Shia002382Vols,1091MuhammadMuhsinFaydKashani.TafsirSafi,2,316
Shia002389Vols,1112IbnJumcaHuwayzi.TafsirNurThaqalayn,2,555
Shia002406Vols,1402SayyidTabatabai.TafsirMizan,14,4268
Shia002456Vols,0104MujahidIbnJabr.Tafsir,1,249
Shia002508Vols,0338AbuJacfarNahhas.MacaniQuran,2,584
Shia002550Vols,0480IbnAhmadHakimHaskani.ShawahidTanzil,7,1199
Shia002616Vols,0671AbuCabdAllahQurtubi.JamicLiAhkamQuran,47,10527
Shia002657,0751IbnQayyimJawziyya.AmthalFiQuran,5,1429
Shia002669,0911Suyuti.TafsirJalalayn,1,302
Shia002702Vols,1270ShihabDinAlusi.RuhMacani,16,3194
Shia002942,0741KhatibTabrizi.Ikmal,1,359
Shia002943,0966ShahidThani.RicayaFiCilmDiraya,1,255
Shia002958,1120CaliKhanMadani.DarajatRafica,2,349
Shia003060Vols,0256Bukhari.TarikhSaghir,1,208
Shia003101Vols,0354IbnHibbanBusti.Majruhin,5,892
Shia003461Vols,0262CumarIbnShabba.TarikhMadina,15,3052
Shia003488Vols,0430AbuNucaymIsbahani.TarikhIsbahan,7,1217
Shia003636Vols,1371MuhsinAminCamili.AcyanShica,24,4167
Shia003656Vols,1450MuhammadHadiYusufi.MawsucatTarikhIslam,7,1645
Shia003675Vols,0314IbnActhamKufi.Futuh,2,273
Shia003691,0494HakimJushami.TanbihGhafilin,1,213
Shia003697,0568MuwaffaqKhwarazmi.Manaqib,5,1315
Shia003702,0652IbnTalhaKamalDinNasibi.MatalibSaul,2,476
Shia003704,0664IbnHatimCamiliShami.DurrNazim,1,209
Shia003707Vols,0693IbnAbiFathIrbili.KashfGhumma,7,1584
Shia003721Vols,0774IbnKathir.QisasAnbiya,3,492
Shia003727Vols,0855IbnSabbaghMakki.FusulMuhimma,1,86
Shia003729Vols,0871IbnAhmadShamsDinBacuni.JawahirMatalib,4,1034
Shia003732Vols,0942IbnYusufShami.SubulHuda,99,22072
Shia003754Vols,1294IbnIbrahimQunduzi.YanabicMawadda,4,835
Shia003895Vols,0224QasimIbnSallam.GharibHadith,8,1427
Shia003900,1450MuhammadHasanBakkai.TartibIslahMantiq,3,313
Shia003923Vols,0606IbnAthirMajdDin.NihayaFiGharib,1,105
Shia003954Vols,0769IbnCaqilBahaDinMisri.SharhCalaAlfiyya,1,86
Shia003965Vols,1205MurtadaZabidi.TajCarus,4,535
Shia003996Vols,0436SharifMurtada.ShafiFiImama,1,222
Shia004000,0447AbuSalahHalabi.TaqribMacarif,2,574
Shia004007,0664IbnTawus.BinaMaqalaFatimiyya,2,443
Shia004019,0726CallamaHilli.MinhajKarama,2,615
Shia004020,0726CallamaHilli.NahjHaqq,2,277
Shia004030Vols,1107HashimBahrani.GhayatMaram,13,2959
Shia004042Vols,1209MuhammadMahdiNaraqi.JamicSacadat,2,225
Shia004092Vols,1411SayyidMarcashi.SharhIhqaq,96,21332
Shia004456Vols,1450Milani.NafahatAzhar,71,10675
Shia004509,0756TaqiDinSubki.ShifaSiqam,9,2336
Shia004525,1340CaliBahrani.ManarHuda,1,216
Shia004526,1346HakimMicrajDin.UsulArbaca,7,3063
Shia004649Vols,1093CabdQadirBaghdadi.KhizanatAdab,1,145
Shia004672,0751IbnQayyimJawziyya.TibbNabawi,2,853
Shia20200618,0406SharifRadi.NahjBalagha,3,678
Tafsir02091,0360Tabarani.TafsirKabir,11,2357
Tafsir02096,1241IbnMuhammadKhalwatiSawi.HashiyaCalaTafsirJalalayn,6,1425
Tafsir02100,0303Nasai.Tafsir,11,2747
Tafsir03037,1124IbnMuhammadIbnCajibaFasiSufi.BahrMadid,1,125
Tafsir06048,0280HudHawwari.Tafsir,15,4009
Tafsir06049,1332QutbAtfayyish.HamayanZad,39,9864
Tafsir07055,1393MuhammadAminShanqiti.AdwaBayan,12,1940
Tafsir07076,1418MuhammadMutawalliShacrawi.Khawatir,8,3086
Tafsir08090,0745AbuHayyanGharnati.TafsirNahrMadd,1,162
Tafsir09050,1332QutbAtfayyish.TaysirTafsir,3,421
Tafsir09068,1404IbrahimQattan.TaysirTafsir,1,89
Tafsir09083,1450MuhammadCaliSabuni.SafwatTafasir,6,1195
Tafsir09084,1450MuhammadCaliSabuni.MukhtasarTafsirIbnKathir,52,16103
Tafsir09085,1450MuhammadCaliSabuni.TafsirAyatAhkam,2,414
Zaydiyya0000004,1450MuhammadIbnYahyaHuthi.MukhtarMinSahihAhadith,1,83
Zaydiyya0000010,0566MutawakkilAhmad.UsulAhkam,1,167
Zaydiyya0000013,0430MuwaffaqHusaynJurjani.Ictibar,2,268
Zaydiyya0000015,1407CaliIbnMuhammadCujri.MiftahSacada,14,4435
Zaydiyya0000017,1350IbnCaqilCalawi.NasaihKafiya,1,257
Zaydiyya0000025,1450Anonymous.SiratRasulAllah,1,101
Zaydiyya0000035,1111IbnNasirMuhalla.MatmahAmal,2,567
Zaydiyya0000037Vols,1055AhmadSharafi.AliMudia,4,486
Zaydiyya0000039,1351MuhammadMudacis.KashifAmin,1,118
Zaydiyya0000046,1375AhmadIbnHasanQasimi.CilmWasim,1,211
Zaydiyya0000049,0247AhmadIbnCisa.Amali,1,83
Zaydiyya0000054,1439HamudCabbasMuayyad.NurAsna,5,761
Zaydiyya0000059,1221HusaynSiyaghi.ManhajMunir,3,648
Zaydiyya0000062,0810IbnHadi.JawharShaffaf,1,164
Zaydiyya0000067,1450QasimIbnAhmadHusayni.MansubatWaMandubat,9,1995
Zaydiyya0000072,1428MajdDinMuayyadi.HajjWaCumra,2,255
Zaydiyya0000087,0353AbuCabbasHasani.Masabih,1,203
Zaydiyya0000098,1428MajdDinMuayyadi.LawamicAnwar,2,306
Zaydiyya0000102,1450SaibCabdHamid.IbnTaymiyyaHayathu,1,146
Zaydiyya0000129,1450Anonymous.AhadithMukhtara,1,83
Zaydiyya0000133,1269MansurAhmad.SafinaMunajjiya,7,1347
Zaydiyya0000142,1390CabdHusaynAmini.Ghadir,18,3842
Zaydiyya0000149,1450MuhammadIbnHasanCujri.IclamAclam,7,1479
Zaydiyya0000153,1390MahmudAbuRayya.AdwaCalaSunna,2,262
Zaydiyya0000161,1377SharafDinCamili.NassWaIjtihad,1,351
Zaydiyya0000162,0749MuayyadYahya.Intisar,3,415
Zaydiyya0000207,0647IbnAbiNajmSacdi.BayanWaTabyin,3,501
Zaydiyya0000220,1450CaliKuraniCamili.AlfSual,4,904
Zaydiyya0000229,0424AbuTalibYahyaHaruni.Amali,5,1018
Zaydiyya0000258,1325IbnMutahharHalabi.NahjHaqq,2,287
Zaydiyya0000259,0667CabdAllahIbnZaydCanasi.Irshad,1,188
Zaydiyya0000260,0749MuayyadYahya.JawahirDurriyya,1,235
Zaydiyya0000266,1255Shawkani.DarariMudia,1,144
Zaydiyya0000267,0411MuayyadAhmad.Tajrid,5,987
Zaydiyya0000268,0290IbnMansurMuradi.Dhikr,1,203
Zaydiyya0000272,0749MuayyadYahya.DibajWadi,2,219
Zaydiyya0000288,1450Anonymous.AnwarYaqin,2,362
Zaydiyya0000295Vols,1062CabdAllahSharafi.MasabihSatica,3,447
Zaydiyya0000342,0499MurshidYahyaIbnShajari.Amali,24,5077
Zaydiyya0000352,0424AbuTalibYahyaHaruni.TaysirMatalib,5,1089
Zaydiyya0000361,0662HusaynIbnBadrDin.ShifaUwam,5,646
Zaydiyya0000379,1317KhayrDinAlusi.JalaCaynayn,1,136
Zaydiyya0000398,1190IbnQasimShuhari.BulughArab,2,478
Zaydiyya0000407,1097CaliIbnSalahIbnCaliTabari.Kafil,1,302
Zaydiyya0000413Vols,1115IshaqIbnMuhammadCabdi.Ihtiras,2,354
Zaydiyya0000461,1431BadrDinHuthi.GharaSarica,3,517
Zaydiyya0000473,0411MuayyadAhmad.IthbatNubuwwa,9,3301
Zaydiyya0000570BK3,1255Shawkani.HawashiCalaSharhAzhar,3,392